Date,Time,CO(GT),PT08.S1(CO),NMHC(GT),C6H6(GT),PT08.S2(NMHC),NOx(GT),PT08.S3(NOx),NO2(GT),PT08.S4(NO2),PT08.S5(O3),T,RH,AH
2004-03-10,18:00:00,2.6,1360.0,150.0,11.881723488680304,1045.5,166.0,1056.25,113.0,1692.0,1267.5,13.599999904633,48.875000953674,0.7577538251293606
2004-03-10,19:00:00,2.0,1292.25,112.0,9.397164889581603,954.75,103.0,1173.75,92.0,1558.75,972.25,13.299999952316,47.699999809265,0.7254874492424674
2004-03-10,20:00:00,2.2,1402.0,88.0,8.997816871326798,939.25,131.0,1140.0,114.0,1554.5,1074.0,11.900000095367,53.97500038147,0.7502390673981953
2004-03-10,21:00:00,2.2,1375.5,80.0,9.228796421407274,948.25,172.0,1092.0,122.0,1583.75,1203.25,11.0,60.0,0.7867125330859253
2004-03-10,22:00:00,1.6,1272.25,51.0,6.518223669074141,835.5,131.0,1205.0,116.0,1490.0,1110.0,11.150000095367,59.575000762939,0.7887942318667593
2004-03-10,23:00:00,1.2,1197.0,38.0,4.741012362478748,750.25,89.0,1336.5,96.0,1393.0,949.25,11.175000190735,59.175000190735,0.7847716643397448
2004-03-11,00:00:00,1.2,1185.0,31.0,3.624399189797516,689.5,62.0,1461.75,77.0,1332.75,732.5,11.324999809265,56.77499961853,0.7603119392843289
2004-03-11,01:00:00,1.0,1136.25,31.0,3.3266769916607997,672.0,62.0,1453.25,76.0,1332.75,729.5,10.674999952316,60.0,0.7702384578230451
2004-03-11,02:00:00,0.9,1094.0,24.0,2.3394161950867094,608.5,45.0,1579.0,60.0,1276.0,619.5,10.650000095367,59.674999237061,0.7648187256861201
2004-03-11,03:00:00,0.6,1009.75,19.0,1.6966582576513223,560.75,,1705.0,,1234.75,501.25,10.250000238419,60.200000762939,0.7516571648306898
2004-03-11,04:00:00,,1011.0,14.0,1.2936197573720989,526.75,21.0,1817.5,34.0,1196.75,445.25,10.075000047684,60.474999427795,0.7464945161292466
2004-03-11,05:00:00,0.7,1066.0,8.0,1.1334305711878574,512.0,16.0,1918.0,28.0,1182.0,421.75,10.999999761581,56.175000190735,0.7365596001806396
2004-03-11,06:00:00,0.7,1051.75,16.0,1.6037678797288073,553.25,34.0,1738.25,48.0,1221.25,471.5,10.450000047684,58.125,0.7352950830247281
2004-03-11,07:00:00,1.1,1144.0,29.0,3.2436181473100727,667.0,98.0,1489.75,82.0,1339.0,729.75,10.200000047684,59.599999427795,0.7417361628563275
2004-03-11,08:00:00,2.0,1333.25,64.0,8.013772987090615,899.75,174.0,1136.0,112.0,1517.0,1101.5,10.75,57.425000190735,0.7407945757399766
2004-03-11,09:00:00,2.2,1351.0,87.0,9.540642925320222,960.25,129.0,1079.0,101.0,1582.75,1027.75,10.5,60.599998474121,0.7691107927579083
2004-03-11,10:00:00,1.7,1233.25,77.0,6.335782437222818,827.25,112.0,1218.0,98.0,1445.75,859.75,10.799999952316,58.35000038147,0.7551830826522904
2004-03-11,11:00:00,1.5,1178.75,43.0,4.971583761462568,762.0,95.0,1327.5,92.0,1361.75,670.5,10.499999761581,57.925000190735,0.7351607796315153
2004-03-11,12:00:00,1.6,1236.0,61.0,5.216918999884966,774.25,104.0,1301.25,95.0,1401.25,664.0,9.5249998569489,66.774998664856,0.7950537885142038
2004-03-11,13:00:00,1.9,1285.5,63.0,7.26993335753569,868.5,146.0,1162.25,112.0,1536.75,799.0,8.299999833107,76.425001144409,0.8392680677502771
2004-03-11,14:00:00,2.9,1371.0,164.0,11.539007213563714,1033.5,207.0,983.25,128.0,1730.25,1036.5,8.0,81.14999961853,0.8735885336185425
2004-03-11,15:00:00,2.2,1310.0,79.0,8.826222726457212,932.5,184.0,1081.75,126.0,1646.5,946.25,8.325000166893,79.799999237061,0.8777844450980445
2004-03-11,16:00:00,2.2,1291.75,95.0,8.301413416761816,911.5,193.0,1102.5,131.0,1590.75,956.75,9.7000000476837,71.150001525879,0.8569381279436317
2004-03-11,17:00:00,2.9,1383.0,150.0,11.151581216129403,1019.75,243.0,1008.0,135.0,1718.75,1104.0,9.7750000953674,67.624998092651,0.8185012074753434
2004-03-11,18:00:00,4.8,1580.75,307.0,20.799216861460543,1318.5,281.0,798.5,151.0,2083.0,1408.5,10.349999904633,64.174999237061,0.806543633173666
2004-03-11,19:00:00,6.9,1775.5,461.0,27.359807493586764,1487.75,383.0,702.25,172.0,2332.5,1704.0,9.6500000953674,69.300001144409,0.8319211444100879
2004-03-11,20:00:00,6.1,1640.0,401.0,24.017756935949226,1404.0,351.0,742.75,165.0,2191.25,1653.75,9.6499998569489,67.75,0.8133139353625914
2004-03-11,21:00:00,3.9,1312.75,197.0,12.779368248758171,1076.25,240.0,957.25,136.0,1706.5,1284.75,9.125,63.974999427795,0.7419242244892506
2004-03-11,22:00:00,1.5,964.5,61.0,4.707071919244755,748.5,94.0,1325.25,85.0,1332.5,821.0,8.1750001907349,63.39999961853,0.6904844466414399
2004-03-11,23:00:00,1.0,912.75,26.0,2.6457215096105893,629.25,47.0,1564.5,53.0,1252.25,551.75,8.2499998807907,60.824998855591,0.6657443604063102
2004-03-12,00:00:00,1.7,1080.25,55.0,5.85480151426304,805.0,122.0,1253.5,97.0,1375.0,815.5,8.3250002861023,58.525000572205,0.6437636096330573
2004-03-12,01:00:00,1.9,1043.75,53.0,6.37429750967153,829.0,133.0,1247.25,110.0,1378.25,831.5,7.7250001430511,59.674999237061,0.6307660602738635
2004-03-12,02:00:00,1.4,987.75,40.0,4.132341795103469,718.0,82.0,1395.5,91.0,1303.5,691.5,7.125,61.799999237061,0.6275973687868803
2004-03-12,03:00:00,0.8,888.75,21.0,1.8694446351370275,574.25,,1680.25,,1187.0,512.0,6.9750000238419,62.27499961853,0.6261075278097894
2004-03-12,04:00:00,,831.0,10.0,1.0682926116418547,505.75,21.0,1892.75,32.0,1133.75,384.0,6.1000000238419,65.900001525879,0.6247536319724682
2004-03-12,05:00:00,0.6,847.25,7.0,1.0224145989759525,501.25,30.0,1894.5,44.0,1154.75,394.0,6.2749999761581,64.97500038147,0.6232823211022999
2004-03-12,06:00:00,0.8,927.0,17.0,1.8304312258349797,571.25,56.0,1684.75,71.0,1222.75,486.5,6.75,62.949999809265,0.6234275392144519
2004-03-12,07:00:00,1.4,1090.5,33.0,4.359340996864498,730.25,109.0,1387.0,104.0,1360.75,748.25,6.4499999284744,65.075001716614,0.6316281144389537
2004-03-12,08:00:00,4.4,1587.0,202.0,17.865586704833834,1235.5,307.0,896.5,141.0,1900.25,1400.25,7.3250000476837,63.14999961853,0.6499331393073879
2004-03-12,09:00:00,,1544.5,,22.074162063223632,1353.0,,767.25,,2058.0,1587.75,9.2250000238419,56.199998855591,0.6560651189171942
2004-03-12,10:00:00,3.1,1350.25,208.0,14.02701136675159,1117.5,187.0,912.0,122.0,1711.75,1237.0,13.224999904633,41.749999046326,0.6319501309937225
2004-03-12,11:00:00,2.7,1262.75,166.0,11.645646559704057,1037.25,216.0,969.0,143.0,1598.25,1166.5,14.325000047684,38.449999809265,0.6243042942153901
2004-03-12,12:00:00,2.1,1206.25,114.0,10.224662143952827,986.0,143.0,1034.5,113.0,1537.0,959.0,15.025000095367,36.5,0.6195323226057363
2004-03-12,13:00:00,2.5,1251.5,140.0,11.039936039300839,1015.75,160.0,1007.5,116.0,1592.75,983.0,16.100000143051,34.474999427795,0.6261647401566796
2004-03-12,14:00:00,2.7,1287.0,169.0,12.816446196415624,1077.5,163.0,948.75,123.0,1660.25,1060.75,16.275000572205,35.72500038147,0.6560306119627572
2004-03-12,15:00:00,2.9,1352.75,185.0,14.173851177910128,1122.25,190.0,921.75,126.0,1740.0,1139.25,15.825000047684,37.02499961853,0.6609611395034868
2004-03-12,16:00:00,2.8,1309.0,165.0,12.690568103372724,1073.25,178.0,954.0,120.0,1657.25,1112.25,15.874999761581,37.175000190735,0.6657285250911997
2004-03-12,17:00:00,2.4,1274.0,133.0,11.738405416264687,1040.5,150.0,1005.75,119.0,1609.75,993.75,16.875000238419,34.349999427795,0.6549085143270723
2004-03-12,18:00:00,3.9,1509.5,233.0,19.290974886272963,1276.5,206.0,812.25,149.0,1909.75,1409.5,15.149999856949,39.550000190735,0.6766265078085045
2004-03-12,19:00:00,3.7,1525.25,242.0,18.226178291697384,1246.0,202.0,821.0,145.0,1846.75,1447.75,14.399999856949,43.425000190735,0.7084497598177374
2004-03-12,20:00:00,6.6,1843.0,488.0,32.55627834707047,1609.75,340.0,624.0,170.0,2390.25,1886.5,12.875,50.525000572205,0.7478032188508966
2004-03-12,21:00:00,4.4,1597.75,333.0,20.092943564494178,1299.0,274.0,752.0,149.0,1940.5,1626.75,12.149999856949,53.349999427795,0.7536202227825304
2004-03-12,22:00:00,3.5,1483.5,215.0,14.321342422629458,1127.0,253.0,839.0,139.0,1723.0,1491.0,10.975000143051,59.125000953674,0.7739800033862854
2004-03-12,23:00:00,5.4,1677.25,367.0,21.81286506943192,1346.0,300.0,740.5,134.0,2062.0,1657.0,9.6749999523163,64.624999046326,0.7770739425473616
2004-03-13,00:00:00,2.7,1279.5,122.0,9.638999814518419,964.0,193.0,962.5,113.0,1543.5,1285.25,9.4500002861023,64.125,0.7597465282359432
2004-03-13,01:00:00,1.9,1196.25,67.0,7.375139467546298,873.0,139.0,1071.25,97.0,1463.25,1144.25,9.1499998569489,63.900001525879,0.7422764129225364
2004-03-13,02:00:00,1.6,1183.75,43.0,5.369604169687442,781.75,83.0,1176.25,82.0,1364.5,1042.75,8.7999999523163,63.924998283386,0.7256153712649386
2004-03-13,03:00:00,1.7,1171.75,46.0,5.390103939543701,782.75,,1178.5,,1379.75,995.5,7.8000000715256,67.52499961853,0.7173121148941005
2004-03-13,04:00:00,,1147.0,56.0,6.199041963295953,821.0,109.0,1132.25,83.0,1411.75,991.5,7.0,71.075000762939,0.7157784693036635
2004-03-13,05:00:00,1.0,978.25,30.0,2.577932199377853,624.75,62.0,1420.25,65.0,1274.25,819.25,8.2999999523163,63.574999809265,0.6981546204756909
2004-03-13,06:00:00,1.2,1099.5,27.0,2.908548009422834,646.25,53.0,1406.25,60.0,1267.5,835.0,7.2000000476837,67.47500038147,0.6886721470838881
2004-03-13,07:00:00,1.5,1112.25,47.0,5.136255828724421,770.25,139.0,1228.0,77.0,1408.5,939.75,6.3499999046326,71.89999961853,0.6931985587343715
2004-03-13,08:00:00,2.7,1335.5,132.0,11.817138600992351,1043.25,256.0,935.25,96.0,1678.0,1191.75,6.450000166893,71.550001144409,0.6944754797176015
2004-03-13,09:00:00,3.7,1408.3333333333,239.0,15.140161198407567,1153.0,295.0,830.33333333333,119.0,1776.6666666667,1411.0,9.5666666030884,59.666667938232,0.7123665611992754
2004-03-13,10:00:00,3.2,1447.0,160.0,12.913063095907157,1080.75,250.0,868.5,126.0,1666.75,1465.0,12.375,51.175000190735,0.7334583850640767
2004-03-13,11:00:00,4.1,1541.5,283.0,16.133508844949027,1183.75,296.0,808.25,158.0,1779.75,1582.5,15.649999856949,42.199999809265,0.7450937577774329
2004-03-13,12:00:00,3.6,1451.25,210.0,14.019301019815009,1117.25,239.0,875.25,161.0,1679.25,1387.25,18.400000095367,33.824999809265,0.708963570176462
2004-03-13,13:00:00,2.8,1328.25,154.0,12.279664077200536,1059.25,153.0,986.5,124.0,1599.5,1100.5,19.35000038147,31.275000095367,0.6950081047527402
2004-03-13,14:00:00,2.0,1206.5,112.0,8.618412576532277,924.25,118.0,1087.75,102.0,1488.25,849.75,18.02499961853,34.800000190735,0.7126738741944919
2004-03-13,15:00:00,2.0,1239.5,108.0,9.196566740238417,947.0,119.0,1049.0,116.0,1531.75,947.0,18.375,33.64999961853,0.704207020809635
2004-03-13,16:00:00,2.5,1306.0,111.0,10.244887084344466,986.75,138.0,1004.0,124.0,1554.0,1078.0,17.625,35.10000038147,0.7012032509364389
2004-03-13,17:00:00,2.3,1326.0,97.0,10.611844460473737,1000.25,148.0,975.5,125.0,1601.5,1083.75,16.675000190735,37.799999237061,0.7117364038435915
2004-03-13,18:00:00,3.2,1472.75,191.0,15.452209964915284,1162.75,227.0,830.5,148.0,1779.0,1394.75,16.099999904633,41.02499961853,0.7451314943585404
2004-03-13,19:00:00,4.2,1609.0,258.0,19.636784663917272,1286.25,277.0,757.5,165.0,1922.0,1611.5,15.825000047684,42.400000572205,0.7569143276676089
2004-03-13,20:00:00,4.2,1610.75,284.0,19.202727916183612,1274.0,279.0,754.25,161.0,1915.0,1697.25,15.650000095367,44.10000038147,0.7786406550707863
2004-03-13,21:00:00,4.2,1620.5,269.0,18.269310357149713,1247.25,283.0,762.0,159.0,1860.0,1885.5,15.325000047684,46.775000572205,0.8091244285768237
2004-03-13,22:00:00,3.1,1444.25,180.0,13.14470430189378,1088.5,214.0,844.0,143.0,1747.5,1623.75,14.649999856949,48.625,0.8059694141072296
2004-03-13,23:00:00,2.6,1418.0,116.0,10.873367154415865,1009.75,172.0,892.0,130.0,1603.0,1536.25,14.700000286102,49.275000572205,0.8193361244198358
2004-03-14,00:00:00,2.9,1533.5,93.0,10.963457959141822,1013.0,190.0,888.5,129.0,1610.75,1534.75,13.949999809265,53.60000038147,0.8497717204331877
2004-03-14,01:00:00,2.8,1483.5,131.0,11.86017851848332,1044.75,174.0,879.75,119.0,1624.25,1529.75,14.649999856949,51.5,0.8536231326791223
2004-03-14,02:00:00,2.5,1366.75,92.0,8.624678823055866,924.5,128.0,952.5,104.0,1543.0,1337.0,12.549999952316,58.900000572205,0.8537400738793904
2004-03-14,03:00:00,2.4,1344.0,132.0,9.737786456670193,967.75,,920.5,,1619.75,1278.25,11.649999856949,63.425000190735,0.8674492315744939
2004-03-14,04:00:00,,1129.5,56.0,5.191654203204007,773.0,70.0,1130.25,82.0,1451.75,1050.5,12.099999904633,61.100001335144,0.8603162131672637
2004-03-14,05:00:00,1.2,1062.0,32.0,3.650423146324865,691.0,53.0,1271.5,70.0,1376.75,929.0,11.475000143051,63.10000038147,0.8532753834381319
2004-03-14,06:00:00,1.0,1075.75,29.0,2.4813419346402656,618.25,44.0,1395.25,63.0,1333.0,872.25,11.599999904633,62.150000572205,0.8472636259100265
2004-03-14,07:00:00,0.9,1028.25,27.0,2.4299844022774177,614.75,74.0,1383.5,67.0,1340.0,853.0,10.399999856949,67.649998664856,0.8529987302926639
2004-03-14,08:00:00,1.4,1154.5,36.0,4.210510136054915,722.25,101.0,1224.75,84.0,1413.75,959.25,11.574999809265,62.674999237061,0.8530382230087753
2004-03-14,09:00:00,1.6,1235.25,57.0,6.352276711074662,828.0,118.0,1055.25,83.0,1527.0,1093.25,12.424999952316,60.0,0.8627151273296463
2004-03-14,10:00:00,2.2,1331.5,129.0,8.587110474608117,923.0,144.0,951.75,98.0,1613.75,1225.0,14.525000095367,53.074999809265,0.8727816223552813
2004-03-14,11:00:00,2.8,1444.75,148.0,10.859535166937011,1009.25,176.0,878.25,114.0,1696.0,1355.25,16.875000476837,46.099999427795,0.8789310942666374
2004-03-14,12:00:00,2.8,1415.5,145.0,10.659815662688954,1002.0,161.0,906.75,119.0,1676.5,1261.5,19.300000190735,38.25,0.8474048021414429
2004-03-14,13:00:00,2.0,1281.25,93.0,7.540072456167103,880.0,113.0,1083.75,104.0,1525.0,980.0,21.174999713898,31.449999809265,0.7811957165002227
2004-03-14,14:00:00,1.8,1207.25,84.0,7.5045987950378565,878.5,103.0,1103.5,102.0,1489.5,872.25,21.424999713898,30.199999809265,0.7615918767626616
2004-03-14,15:00:00,1.9,1257.75,99.0,8.160112924625768,905.75,112.0,1081.25,107.0,1511.0,900.25,21.925000190735,28.950000286102,0.7524589545694458
2004-03-14,16:00:00,3.0,1457.75,150.0,11.867358322901142,1045.0,170.0,973.75,129.0,1646.0,1098.5,22.224999904633,28.39999961853,0.7516273241188697
2004-03-14,17:00:00,2.9,1437.75,156.0,12.033004745084428,1050.75,180.0,942.5,128.0,1667.5,1206.25,21.299999713898,30.75,0.7696154919144513
2004-03-14,18:00:00,2.5,1477.75,122.0,12.163323306748472,1055.25,160.0,929.25,121.0,1670.75,1262.25,19.650000095367,36.699999809265,0.8307061318496992
2004-03-14,19:00:00,4.6,1807.5,262.0,20.57171487732563,1312.25,261.0,753.25,157.0,1992.75,1697.75,18.374999523163,41.72500038147,0.8731957705577488
2004-03-14,20:00:00,5.9,1898.0,341.0,23.142125805295404,1381.25,325.0,680.5,173.0,2102.75,1904.75,17.625,46.099999427795,0.9209535360575977
2004-03-14,21:00:00,3.4,1559.5,214.0,14.720453409836011,1139.75,217.0,783.75,146.0,1817.5,1648.0,16.650000095367,49.575000762939,0.9319900473249648
2004-03-14,22:00:00,2.1,1324.25,100.0,9.004199247323303,939.5,146.0,923.5,121.0,1587.0,1422.75,16.25,50.950000762939,0.9341472131622557
2004-03-14,23:00:00,2.2,1348.75,79.0,8.83888507899354,933.0,152.0,933.0,119.0,1616.5,1348.75,14.725000143051,55.925000190735,0.9313856224921276
2004-03-15,00:00:00,1.8,1238.75,66.0,7.3575603748787675,872.25,104.0,985.0,99.0,1546.5,1250.25,14.825000047684,54.675001144409,0.9163543254683045
2004-03-15,01:00:00,1.8,1239.0,73.0,6.918207216219388,853.25,106.0,1010.25,93.0,1543.25,1173.75,14.049999952316,57.0,0.9094489367663466
2004-03-15,02:00:00,1.8,1223.75,66.0,6.958191195775006,855.0,108.0,998.25,88.0,1565.75,1148.75,13.350000143051,61.349999427795,0.936085703142246
2004-03-15,03:00:00,1.1,1078.25,44.0,4.429862930483551,734.0,,1128.25,,1486.75,1020.5,12.599999904633,63.474999427795,0.9230174218998716
2004-03-15,04:00:00,,1077.5,44.0,3.9959242929204266,710.5,66.0,1150.0,71.0,1467.5,1012.75,12.349999904633,65.35000038147,0.9351122865764487
2004-03-15,05:00:00,1.0,1074.5,39.0,3.8659143375749494,703.25,88.0,1155.75,74.0,1463.75,1010.0,11.899999856949,67.449998855591,0.9375381769341324
2004-03-15,06:00:00,1.4,1156.75,51.0,6.3853200900791585,829.5,138.0,1029.5,80.0,1584.0,1083.0,11.375,70.52499961853,0.9475162243381903
2004-03-15,07:00:00,2.2,1314.0,107.0,9.685046806517573,965.75,228.0,896.75,89.0,1710.25,1234.75,11.324999809265,70.200000762939,0.940095096018487
2004-03-15,08:00:00,5.5,1796.75,336.0,25.870457660998934,1451.0,360.0,652.0,114.0,2323.0,1679.5,12.400000095367,63.875000953674,0.9169546941482681
2004-03-15,09:00:00,8.1,1961.25,618.0,36.69206253067248,1701.0,478.0,536.75,149.0,2665.25,2184.25,14.774999856949,54.324999809265,0.9076095360418625
2004-03-15,10:00:00,5.8,1770.5,438.0,26.6360247644022,1470.0,394.0,621.5,157.0,2261.5,1973.0,17.400000095367,45.64999961853,0.8992981706467373
2004-03-15,11:00:00,4.2,1563.5,334.0,20.11092309343549,1299.5,319.0,709.75,155.0,2029.0,1798.25,19.800000190735,38.525000572205,0.880059991386787
2004-03-15,12:00:00,3.1,1430.0,221.0,14.096485799877708,1119.75,201.0,830.5,134.0,1783.25,1522.0,22.025000095367,34.050000190735,0.8903685188126028
2004-03-15,13:00:00,2.9,1417.25,207.0,14.9257192296359,1146.25,171.0,829.5,119.0,1830.5,1404.0,23.324999809265,32.174999237061,0.9095992195673936
2004-03-15,14:00:00,2.9,1400.25,191.0,15.436141471547911,1162.25,159.0,838.25,111.0,1828.5,1263.25,23.875,29.97500038147,0.8756585288124981
2004-03-15,15:00:00,2.5,1317.25,185.0,12.09085021877653,1052.75,153.0,926.0,104.0,1706.75,1137.0,24.449999809265,28.900000095367,0.873591912397843
2004-03-15,16:00:00,2.3,1317.75,141.0,11.524820242423965,1033.0,143.0,949.75,99.0,1675.0,1068.0,24.375,29.39999961853,0.8847617117200978
2004-03-15,17:00:00,2.8,1445.25,214.0,14.759833471701361,1141.0,156.0,856.5,110.0,1823.5,1251.5,23.849999904633,31.325000762939,0.913735211108514
2004-03-15,18:00:00,6.1,1917.0,471.0,32.14884367945396,1600.5,314.0,631.25,162.0,2447.0,1843.25,22.549999237061,35.375000953674,0.9546998207473483
2004-03-15,19:00:00,8.0,2039.75,685.0,39.20233967931091,1754.25,404.0,542.25,187.0,2679.0,2122.25,20.425000667572,42.5,1.0086313341074233
2004-03-15,20:00:00,6.5,1894.75,538.0,30.961305060452627,1573.25,320.0,565.0,165.0,2442.75,1991.5,18.275000095367,52.625000953674,1.0945180933132785
2004-03-15,21:00:00,4.2,1594.5,319.0,19.895621463254436,1293.5,256.0,678.25,145.0,2057.5,1707.0,16.650000095367,57.375,1.0786268914239705
2004-03-15,22:00:00,3.2,1438.5,224.0,15.31585504960172,1158.5,193.0,764.25,125.0,1856.25,1494.25,15.699999809265,60.150000572205,1.0653715549625937
2004-03-15,23:00:00,1.4,1141.5,67.0,6.895403347240391,852.25,89.0,1008.25,101.0,1547.25,1164.25,15.250000238419,61.449998855591,1.0579554990778919
2004-03-16,00:00:00,2.1,1303.6666666667,155.0,11.139929168771717,1019.3333333333,127.0,852.33333333333,103.0,1731.3333333333,1271.6666666667,14.066666603088,65.699999491374,1.049372403097042
2004-03-16,01:00:00,1.2,1074.25,49.0,5.40550061636386,783.5,79.0,1097.75,88.0,1483.0,1039.75,14.825000047684,60.550001144409,1.0148194658330398
2004-03-16,02:00:00,0.8,968.0,29.0,2.810688037123539,640.0,43.0,1319.5,61.0,1385.75,866.75,14.75,59.224999427795,0.9879081107816498
2004-03-16,03:00:00,0.7,929.25,25.0,2.325061547147355,607.5,,1375.5,,1364.25,825.75,13.624999761581,62.050000190735,0.9635549956184191
2004-03-16,04:00:00,,941.0,25.0,2.5891783027743425,625.5,59.0,1315.75,59.0,1373.25,839.75,12.324999809265,66.150000572205,0.9450361951968503
2004-03-16,05:00:00,0.6,937.0,17.0,2.0087426345174735,584.75,38.0,1411.5,52.0,1348.0,792.5,12.75,63.22500038147,0.9282898040213576
2004-03-16,06:00:00,0.9,1017.0,27.0,3.4826893251173856,681.25,82.0,1245.75,64.0,1417.5,869.5,11.174999952316,68.47500038147,0.9081071231015929
2004-03-16,07:00:00,1.3,1171.25,50.0,5.131232180692032,770.0,99.0,1161.75,70.0,1466.75,930.0,10.975000143051,66.5,0.8705229495981881
2004-03-16,08:00:00,3.4,1541.0,218.0,16.17445704918363,1185.0,263.0,770.0,97.0,1888.75,1406.5,11.674999952316,63.650000572205,0.8719365877065632
2004-03-16,09:00:00,3.7,1539.25,285.0,19.663493856394243,1287.0,229.0,697.5,95.0,2054.75,1507.0,13.625,56.299999237061,0.8742650471769098
2004-03-16,10:00:00,5.3,1734.75,437.0,25.05515030336349,1430.5,396.0,628.25,150.0,2211.0,1843.25,17.824999332428,42.875,0.8672254631723162
2004-03-16,11:00:00,4.1,1571.0,327.0,20.003148782861153,1296.5,314.0,730.0,162.0,1972.75,1729.0,21.449999809265,33.324999332428,0.8416712958240697
2004-03-16,12:00:00,3.3,1451.75,283.0,18.347057576589474,1249.5,217.0,775.5,154.0,1868.25,1583.25,24.375,27.35000038147,0.8230691655452694
2004-03-16,13:00:00,4.0,1579.0,366.0,22.308582975669996,1359.25,252.0,724.0,161.0,1997.75,1670.75,25.250000476837,26.075000286102,0.8263807552458209
2004-03-16,14:00:00,3.8,1466.25,318.0,20.444779979264574,1308.75,263.0,772.5,161.0,1897.0,1491.25,25.825000286102,23.150000095367,0.7589369630881299
2004-03-16,15:00:00,2.8,1279.75,228.0,14.610427960363092,1136.25,180.0,892.75,128.0,1675.25,1239.75,27.0,20.200000286102,0.7093615130294146
2004-03-16,16:00:00,2.9,1407.0,201.0,16.553254344130867,1196.5,184.0,905.25,129.0,1758.75,1313.0,28.249999523163,18.574999809265,0.7013857388336394
2004-03-16,17:00:00,2.9,1388.75,199.0,15.78318309681854,1173.0,190.0,898.25,133.0,1739.0,1363.25,27.974999904633,19.10000038147,0.709825085363188
2004-03-16,18:00:00,3.4,1447.25,237.0,17.83994777641898,1234.75,184.0,858.75,139.0,1778.0,1295.75,23.900000095367,25.699999809265,0.7518910408124666
2004-03-16,19:00:00,3.9,1551.0,261.0,19.09705933715707,1271.0,181.0,800.25,137.0,1874.5,1432.25,21.349999904633,34.77499961853,0.8729931333855647
2004-03-16,20:00:00,3.2,1473.5,230.0,15.766968720541028,1172.5,166.0,854.25,143.0,1776.0,1431.75,20.425000190735,36.675000190735,0.870389489318189
2004-03-16,21:00:00,5.1,1799.5,349.0,24.877671870607216,1426.0,317.0,700.0,177.0,2105.5,2033.5,19.025000095367,41.349999427795,0.9007307308826996
2004-03-16,22:00:00,2.6,1379.25,183.0,13.529604730694471,1101.25,184.0,817.5,138.0,1710.0,1601.75,17.925000190735,45.900000572205,0.9341860450216591
2004-03-16,23:00:00,1.7,1200.5,88.0,9.087345626567226,942.75,130.0,935.0,117.0,1559.75,1361.75,16.700000286102,48.925000190735,0.9226499255272292
2004-03-17,00:00:00,1.7,1204.75,85.0,8.630947011140279,924.75,132.0,922.0,107.0,1546.5,1314.25,15.524999856949,52.925000190735,0.9271282297880028
2004-03-17,01:00:00,1.2,1071.5,47.0,5.415775467693622,784.0,95.0,1065.5,90.0,1441.75,1113.75,15.475000143051,51.875,0.9058752804047421
2004-03-17,02:00:00,0.9,997.75,34.0,4.050256979222614,713.5,70.0,1169.25,79.0,1383.25,991.5,14.125,55.575000762939,0.8909558056211343
2004-03-17,03:00:00,0.7,933.25,26.0,2.5816785814911887,625.0,,1291.5,,1331.5,883.75,13.050000190735,57.900000572205,0.8666330082051409
2004-03-17,04:00:00,,882.75,17.0,1.8989345905963815,576.5,54.0,1396.0,60.0,1303.25,808.25,12.650000333786,57.900000572205,0.8446603528823093
2004-03-17,05:00:00,0.5,868.75,11.0,1.6068282575436197,553.5,28.0,1459.5,40.0,1267.75,667.0,11.824999809265,58.025000572205,0.8026319321159456
2004-03-17,06:00:00,0.5,890.75,18.0,1.8956482143938895,576.25,46.0,1416.5,53.0,1289.25,733.0,11.900000095367,57.39999961853,0.7978457040872352
2004-03-17,07:00:00,1.6,1172.75,84.0,7.486888715241108,877.75,160.0,1038.0,84.0,1556.25,1051.75,9.9000000953674,65.199999809265,0.7956455570632858
2004-03-17,08:00:00,4.1,1587.25,260.0,21.358791467770352,1333.75,320.0,702.25,108.0,1998.75,1533.5,11.125,60.200000762939,0.7957756867981807
2004-03-17,09:00:00,6.6,1851.5,534.0,36.44841296784668,1695.75,377.0,552.75,127.0,2535.25,1931.0,14.124999761581,50.024998664856,0.8019804174284915
2004-03-17,10:00:00,4.3,1521.5,368.0,21.266624095947368,1331.25,280.0,702.5,134.0,2025.75,1733.75,17.699999809265,40.099999427795,0.8048291453438373
2004-03-17,11:00:00,2.9,1438.25,200.0,15.387978763390306,1160.75,221.0,818.5,135.0,1781.5,1595.0,21.10000038147,33.425000190735,0.8264862161367829
2004-03-17,12:00:00,2.5,1393.25,145.0,12.49907422494975,1066.75,210.0,905.0,142.0,1654.25,1489.75,24.300000190735,28.275000572205,0.8471276904737085
2004-03-17,13:00:00,2.8,1452.0,188.0,15.108309746474148,1152.0,204.0,860.5,153.0,1747.0,1507.5,25.575000286102,25.550000190735,0.8253948829277935
2004-03-17,14:00:00,2.6,1389.25,152.0,13.73529005407188,1108.0,161.0,886.5,123.0,1711.5,1334.0,25.85000038147,25.900000095367,0.8503393425785896
2004-03-17,15:00:00,2.0,1207.0,103.0,10.434474065314543,993.75,135.0,1013.0,104.0,1519.5,1044.75,26.824999809265,18.699999809265,0.6500177450710016
2004-03-17,16:00:00,2.9,1365.25,193.0,15.164068552106674,1153.75,186.0,939.5,129.0,1678.5,1221.25,29.275000095367,15.750000238419,0.6308904544623257
2004-03-17,17:00:00,2.5,1247.0,134.0,12.308823018501508,1060.25,147.0,1032.0,114.0,1524.75,1068.5,28.5,14.900000095367,0.5708019092283132
2004-03-17,18:00:00,5.0,1556.75,386.0,26.95102501389812,1477.75,299.0,793.0,158.0,1980.5,1568.5,25.85000038147,15.950000286102,0.5236645833000759
2004-03-17,19:00:00,7.6,1972.5,577.0,38.39324611075341,1737.25,411.0,616.75,194.0,2413.75,2305.5,23.125,26.5,0.7402606104103562
2004-03-17,20:00:00,6.7,1974.75,523.0,35.103631278136504,1666.5,347.0,596.75,182.0,2415.5,2358.5,20.52499961853,38.249999046326,0.9133141768209518
2004-03-17,21:00:00,5.7,1794.75,472.0,27.24713082655587,1485.0,336.0,652.5,180.0,2174.0,2050.0,19.050000190735,42.60000038147,0.9293877038696484
2004-03-17,22:00:00,2.8,1443.75,206.0,15.04469265761016,1150.0,202.0,769.5,136.0,1726.5,1726.5,17.150000095367,44.125000953674,0.855830709685321
2004-03-17,23:00:00,2.6,1488.0,216.0,15.71027436796261,1170.75,178.0,731.0,127.0,1777.5,1705.0,16.025000095367,50.924999237061,0.9205987579699731
2004-03-18,00:00:00,2.3,1371.25,159.0,12.972673346205386,1082.75,154.0,795.75,116.0,1668.75,1550.5,14.799999952316,53.924999237061,0.9023544874899323
2004-03-18,01:00:00,1.4,1160.75,70.0,8.123422119877722,904.25,92.0,946.75,107.0,1502.0,1240.25,14.274999856949,55.449999809265,0.8974730609108261
2004-03-18,02:00:00,1.0,1064.25,44.0,5.477599159348292,787.0,61.0,1056.75,88.0,1407.0,1115.0,14.75,52.074999809265,0.8686418772067029
2004-03-18,03:00:00,0.7,970.25,42.0,3.5812024590957425,687.0,,1195.5,,1350.5,968.5,13.875,53.875,0.8500589031339439
2004-03-18,04:00:00,,954.0,28.0,2.884931454505132,644.75,60.0,1260.25,78.0,1334.0,924.75,11.599999904633,61.924999237061,0.8441962816575157
2004-03-18,05:00:00,0.6,930.5,20.0,2.548044692762577,622.75,37.0,1293.25,57.0,1306.5,827.75,12.0,58.85000038147,0.8233024519061931
2004-03-18,06:00:00,0.7,938.0,26.0,2.971926292666244,650.25,68.0,1251.25,71.0,1332.5,893.0,10.949999809265,62.074999809265,0.8112765628062703
2004-03-18,07:00:00,1.5,1166.25,78.0,7.664791387485363,885.25,139.0,1005.25,85.0,1550.5,1075.0,10.575000047684,63.25,0.8066818457709178
2004-03-18,08:00:00,4.7,1643.0,319.0,23.256799559382376,1384.25,339.0,667.0,124.0,2093.75,1610.25,11.475000143051,60.025000572205,0.8116934242390748
2004-03-18,09:00:00,6.6,1934.0,506.0,35.790570713856724,1681.5,421.0,540.5,151.0,2468.25,2050.5,14.275000333786,50.575000762939,0.8185699237552145
2004-03-18,10:00:00,4.5,1616.5,,21.31268654106716,1332.5,349.0,685.75,150.0,2010.0,1818.5,17.849999904633,40.52499961853,0.8209643334545565
2004-03-18,11:00:00,2.8,1472.75,,14.305786381113023,1126.5,224.0,830.5,152.0,1752.0,1567.75,20.800000667572,34.449999809265,0.8364562599842863
2004-03-18,12:00:00,2.2,1378.5,,12.521106305109699,1067.5,171.0,898.75,139.0,1662.5,1373.5,23.849999904633,28.174999713898,0.8218511950371455
2004-03-18,13:00:00,2.2,1385.25,,12.192364229470941,1056.25,149.0,891.0,133.0,1648.0,1267.5,24.150000095367,28.675000190735,0.8514933610951715
2004-03-18,14:00:00,2.3,1378.75,,13.092244786448635,1086.75,137.0,901.25,126.0,1660.25,1143.5,25.150000572205,24.85000038147,0.7829250121204008
2004-03-18,15:00:00,2.2,1321.6666666667,,14.373247939096442,1128.6666666667,149.0,933.66666666667,128.0,1639.3333333333,1109.3333333333,27.03333346049,17.833333333333,0.6274693274133316
2004-03-18,16:00:00,2.8,1495.75,,16.835634342955675,1205.0,172.0,822.0,169.0,1766.5,1347.25,27.125000476837,23.124999523163,0.8180144786395258
2004-03-18,17:00:00,2.7,1408.75,,14.453859645603398,1131.25,166.0,873.0,149.0,1688.5,1205.75,25.800000190735,23.925000190735,0.7831929181625135
2004-03-18,18:00:00,3.7,1512.75,,21.515865798889894,1338.0,214.0,764.25,156.0,1956.5,1397.0,23.049999713898,26.77499961853,0.7445933183512644
2004-03-18,19:00:00,5.1,1667.0,,26.403335889246012,1464.25,280.0,683.25,168.0,2117.75,1588.25,20.724999904633,31.125,0.7522865185760392
2004-03-18,20:00:00,5.1,1666.75,,25.960619817995106,1453.25,276.0,683.5,176.0,2051.0,1568.5,18.599999904633,36.175000190735,0.7676391782873102
2004-03-18,21:00:00,3.2,1430.25,,14.142883364271057,1121.25,178.0,814.0,135.0,1731.5,1321.5,16.049999713898,48.425000190735,0.8767802411169491
2004-03-18,22:00:00,2.1,1333.25,,10.305664104042567,989.0,129.0,885.25,121.0,1620.75,1194.0,14.450000047684,57.775000572205,0.9455578282061462
2004-03-18,23:00:00,1.7,1261.5,,8.276765149047742,910.5,95.0,948.25,99.0,1545.25,1061.5,13.050000190735,64.175000190735,0.9605556635099728
2004-03-19,00:00:00,2.0,1287.25,,8.92137891672246,936.25,126.0,918.0,106.0,1606.0,1040.0,11.974999666214,69.699998855591,0.9735189395480225
2004-03-19,01:00:00,1.6,1134.25,,6.61866637230466,840.0,103.0,1021.25,96.0,1501.25,917.0,11.949999809265,71.10000038147,0.9914705590149329
2004-03-19,02:00:00,0.9,998.75,,3.5941382910062885,687.75,48.0,1228.5,63.0,1380.25,593.5,12.525000095367,69.299999237061,1.0028708448617707
2004-03-19,03:00:00,0.7,960.75,,2.5294405041814083,621.5,,1381.5,,1300.75,430.25,12.525000095367,67.499998092651,0.9768222346407011
2004-03-19,04:00:00,,933.75,,1.7949775333901974,568.5,20.0,1439.75,32.0,1280.25,397.0,12.324999809265,67.650001525879,0.9664656008172544
2004-03-19,05:00:00,0.5,912.75,,1.2686021115564372,524.5,18.0,1619.75,28.0,1260.25,370.0,12.450000047684,66.800001144409,0.9620368804375885
2004-03-19,06:00:00,0.7,969.25,,2.314320289312677,606.75,56.0,1372.5,61.0,1323.75,438.0,12.349999666214,66.300001144409,0.9487061110318187
2004-03-19,07:00:00,1.5,1181.5,,6.731036454520945,845.0,115.0,1054.0,99.0,1539.0,704.25,12.424999713898,64.89999961853,0.9331701762499358
2004-03-19,08:00:00,4.8,1740.25,,22.799555706920934,1372.25,320.0,670.75,157.0,2144.25,1475.75,13.025000095367,61.625000953674,0.9209105293356814
2004-03-19,09:00:00,6.2,1819.25,,31.318823179095414,1581.5,357.0,574.5,166.0,2455.5,1715.5,13.600000143051,58.825000762939,0.9120177831269436
2004-03-19,10:00:00,4.0,1427.0,,19.238006003954073,1275.0,253.0,700.5,149.0,1980.25,1398.0,13.899999856949,57.14999961853,0.9031710369226136
2004-03-19,11:00:00,3.3,1389.5,,16.363388395708625,1190.75,218.0,758.75,135.0,1878.75,1267.5,14.474999904633,54.400000572205,0.8917360162277309
2004-03-19,12:00:00,2.8,1283.0,,14.019301019815009,1117.25,192.0,813.0,127.0,1751.0,1188.25,15.475000143051,50.074999809265,0.8744424962599583
2004-03-19,13:00:00,3.0,1303.5,,15.259858728740529,1156.75,176.0,793.0,122.0,1800.5,1170.5,16.124999761581,47.574999809265,0.8654551208004385
2004-03-19,14:00:00,3.3,1364.0,,16.72742509453297,1201.75,198.0,770.75,135.0,1875.0,1250.25,16.275000095367,47.050000190735,0.8639954979898178
2004-03-19,15:00:00,3.5,1409.75,,19.000414929848503,1268.25,212.0,724.25,139.0,1956.5,1344.0,16.39999961853,47.499999046326,0.8791182025620105
2004-03-19,16:00:00,4.0,1476.0,,19.414810317786973,1280.0,249.0,708.0,147.0,1954.5,1378.0,16.050000190735,50.22500038147,0.9093709672599519
2004-03-19,17:00:00,4.6,1522.0,,20.863108493812085,1320.25,270.0,689.75,158.0,2005.25,1435.25,16.0,50.650000572205,0.9141909286776635
2004-03-19,18:00:00,4.1,1441.75,,20.16490280922038,1301.0,231.0,704.0,146.0,1952.25,1372.25,15.849999904633,50.27499961853,0.8989088581931544
2004-03-19,19:00:00,4.5,1469.0,,21.74774817937002,1344.25,251.0,677.25,144.0,1996.75,1471.0,15.475000143051,50.625,0.8840469603949893
2004-03-19,20:00:00,3.9,1467.25,,19.841950486357188,1292.0,210.0,697.5,138.0,1942.0,1438.75,15.424999952316,51.449999809265,0.8956257084874374
2004-03-19,21:00:00,4.0,1420.5,,16.744053307157127,1202.25,249.0,747.5,143.0,1854.0,1428.5,15.200000047684,53.124999046326,0.9117445852537478
2004-03-19,22:00:00,2.2,1175.0,,9.145099271304806,945.0,143.0,903.75,116.0,1603.5,1080.5,14.700000047684,57.574999809265,0.9573470511734334
2004-03-19,23:00:00,2.1,1215.0,,8.301413416761816,911.5,127.0,947.75,109.0,1546.75,993.0,14.174999952316,58.324999809265,0.9380218920355338
2004-03-20,00:00:00,1.7,1126.75,,5.79119163455987,802.0,104.0,1064.0,92.0,1446.5,837.0,13.775000095367,57.949999809265,0.908543705377997
2004-03-20,01:00:00,1.6,1090.25,,5.191654203204007,773.0,86.0,1105.25,83.0,1428.5,761.0,13.899999856949,55.949999809265,0.8842068185625946
2004-03-20,02:00:00,1.3,1017.0,,4.1231866000360915,717.5,74.0,1181.75,81.0,1382.25,650.25,13.874999761581,55.550000190735,0.8764876383029188
2004-03-20,03:00:00,1.3,997.25,,3.410629499321059,677.0,,1252.25,,1358.5,590.75,13.824999809265,55.10000038147,0.8666203794544741
2004-03-20,04:00:00,,944.75,,2.908548009422834,646.25,44.0,1308.0,55.0,1331.5,505.0,13.799999952316,54.60000038147,0.8573882875662029
2004-03-20,05:00:00,0.8,955.75,,3.149209600499938,661.25,42.0,1259.75,53.0,1350.5,518.0,13.625000238419,55.125,0.8560188652298616
2004-03-20,06:00:00,0.8,966.25,,2.5294405041814083,621.5,63.0,1316.75,67.0,1342.25,570.75,13.574999809265,58.97500038147,0.912884475483259
2004-03-20,07:00:00,1.1,1064.0,,4.307931854750126,727.5,115.0,1160.5,91.0,1461.25,842.0,13.450000047684,58.35000038147,0.8960236853936431
2004-03-20,08:00:00,2.1,1299.75,,8.883264240647636,934.75,170.0,902.25,113.0,1623.0,1144.75,13.75,58.025000572205,0.9082698441017566
2004-03-20,09:00:00,2.4,1348.0,,10.543474253928526,997.75,147.0,833.75,102.0,1689.0,1218.25,14.599999904633,53.050000190735,0.8765311454943677
2004-03-20,10:00:00,2.6,1424.5,,12.521106305109699,1067.5,166.0,776.25,107.0,1764.0,1341.0,15.025000095367,52.324999809265,0.8881377715665386
2004-03-20,11:00:00,2.8,1473.75,,12.330711570529866,1061.0,195.0,767.5,113.0,1768.25,1405.5,15.400000095367,52.050000190735,0.9046428918901228
2004-03-20,12:00:00,2.6,1489.75,,11.688419353879642,1038.75,182.0,782.25,108.0,1756.75,1421.5,16.250000476837,49.950000762939,0.9158126537101688
2004-03-20,13:00:00,2.6,1494.75,,11.724114404886208,1040.0,168.0,808.75,105.0,1735.0,1373.0,17.14999961853,47.850001335144,0.9280792861009488
2004-03-20,14:00:00,2.1,1375.5,,9.338736657793214,952.5,125.0,899.5,93.0,1636.25,1153.25,19.049999713898,42.949999809265,0.9370234783049988
2004-03-20,15:00:00,1.7,1304.75,,7.6350173007290705,884.0,95.0,980.0,87.0,1573.25,927.25,19.500000476837,42.25,0.9475796380281803
2004-03-20,16:00:00,1.6,1282.5,,6.714129541810949,844.25,79.0,1035.5,76.0,1538.75,766.25,19.500000476837,42.324999809265,0.9492617277823937
2004-03-20,17:00:00,2.1,1392.25,,9.724590097455225,967.25,119.0,929.75,94.0,1648.75,941.25,19.050000190735,43.799999237061,0.9555676139883592
2004-03-20,18:00:00,2.3,1452.25,,12.389162076428056,1063.0,142.0,855.5,110.0,1774.25,1146.0,18.474999427795,46.27499961853,0.9744157935222261
2004-03-20,19:00:00,3.5,1633.0,,16.644389712822854,1199.25,215.0,734.0,136.0,1918.5,1416.5,17.375000476837,51.64999961853,1.0159160208541784
2004-03-20,20:00:00,3.9,1624.5,,16.37162401440561,1191.0,229.0,732.75,139.0,1885.0,1442.0,17.099999904633,51.275000572205,0.9914149198779423
2004-03-20,21:00:00,3.3,1534.5,,13.73529005407188,1108.0,206.0,785.25,125.0,1819.5,1323.25,16.424999713898,53.750000953674,0.9963505495820641
2004-03-20,22:00:00,2.3,1322.5,,9.883449559735752,973.25,147.0,863.75,111.0,1712.25,1125.0,16.22500038147,55.35000038147,1.0132297406425828
2004-03-20,23:00:00,2.1,1309.0,,8.940462338273536,937.0,122.0,904.75,97.0,1671.5,1035.5,15.924999952316,57.650000572205,1.035643695780281
2004-03-21,00:00:00,2.8,1455.5,,10.577635806722439,999.0,175.0,835.0,107.0,1713.75,1202.25,15.724999904633,58.599999427795,1.0395524144223816
2004-03-21,01:00:00,2.1,1299.5,,7.351704652120824,872.0,133.0,940.5,90.0,1577.0,1054.25,15.125,60.875,1.0398134971272617
2004-03-21,02:00:00,1.6,1202.5,,6.242660502363154,823.0,89.0,1003.75,84.0,1525.5,903.0,15.575000047684,56.624999046326,0.9950738671065907
2004-03-21,03:00:00,1.6,1194.75,,6.529351622974581,836.0,,987.0,,1554.25,884.5,15.200000047684,57.925000190735,0.9941234112526041
2004-03-21,04:00:00,,1116.75,,5.79119163455987,802.0,85.0,1028.5,87.0,1538.75,817.75,15.375,57.75,1.0021288587677117
2004-03-21,05:00:00,1.1,1061.75,,3.9959242929204266,710.5,55.0,1135.75,66.0,1460.75,700.0,14.900000095367,60.550000190735,1.0196493691425061
2004-03-21,06:00:00,0.7,947.0,,2.1303704321580987,593.66666666667,24.0,1300.0,36.0,1390.0,580.33333333333,14.46666653951,62.966665903727,1.0316166826993762
2004-03-21,07:00:00,0.8,1065.0,,3.585512193579881,687.25,72.0,1142.5,62.0,1492.25,814.5,14.150000095367,66.200002670288,1.062981061198427
2004-03-21,08:00:00,1.2,1154.5,,4.429862930483551,734.0,122.0,1061.75,91.0,1528.0,1035.0,14.474999904633,65.299999237061,1.0704110398315458
2004-03-21,09:00:00,1.4,1220.25,,5.364484431415103,781.5,111.0,995.75,89.0,1559.75,1067.25,15.299999952316,62.125000953674,1.0729579562585787
2004-03-21,10:00:00,1.7,1300.75,,7.113334197638295,861.75,123.0,913.5,93.0,1633.0,1114.0,16.325000286102,59.000000953674,1.0868383648056317
2004-03-21,11:00:00,1.8,1279.25,,7.299092625761445,869.75,106.0,911.25,81.0,1646.25,1000.0,18.874999523163,49.574999809265,1.0699727285957743
2004-03-21,12:00:00,1.8,1267.0,,7.60529263256302,882.75,103.0,952.75,82.0,1616.75,905.75,19.375,46.050000190735,1.0249166209922151
2004-03-21,13:00:00,1.9,1238.75,,6.7931834786399685,847.75,102.0,980.5,80.0,1567.5,822.25,20.775000095367,41.625000953674,1.0091328441263598
2004-03-21,14:00:00,1.3,1128.25,,4.586705930828619,742.25,48.0,1143.75,48.0,1506.5,610.25,21.375,40.27499961853,1.0125968630874393
2004-03-21,15:00:00,1.6,1242.75,,8.4189190812524,916.25,63.0,962.0,61.0,1668.5,656.75,21.224999904633,39.299999237061,0.9791469568536468
2004-03-21,16:00:00,1.9,1208.0,,6.912503239863427,853.0,98.0,1059.75,89.0,1506.25,646.75,20.27499961853,38.025000572205,0.8942139410459629
2004-03-21,17:00:00,2.3,1306.25,,8.953194276149835,937.5,132.0,960.75,105.0,1606.5,762.0,19.400000095367,41.299999237061,0.9206089496468213
2004-03-21,18:00:00,3.8,1545.5,,15.076486896579212,1151.0,173.0,769.25,116.0,1873.75,1122.0,18.52499961853,43.800000190735,0.9251510104646707
2004-03-21,19:00:00,3.5,1501.0,,12.609399984135923,1070.5,185.0,823.0,119.0,1744.25,1130.25,17.775000095367,48.050001144409,0.9688894556880965
2004-03-21,20:00:00,4.3,1604.75,,15.140161198407567,1153.0,266.0,769.25,144.0,1840.0,1636.75,17.89999961853,46.85000038147,0.9520444991719951
2004-03-21,21:00:00,2.8,1315.5,,9.890092509311117,973.5,188.0,883.25,123.0,1672.5,1272.25,17.425000190735,49.10000038147,0.9687679646444459
2004-03-21,22:00:00,1.9,1195.0,,7.977364527024395,898.25,122.0,933.25,105.0,1594.25,1098.0,16.97500038147,51.675001144409,0.991390722670476
2004-03-21,23:00:00,1.9,1211.0,,7.928929906349982,896.25,112.0,920.25,93.0,1624.0,1066.25,16.39999961853,55.10000038147,1.0197771425065039
2004-03-22,00:00:00,1.7,1161.25,,6.07436581400729,815.25,93.0,995.25,86.0,1582.25,909.0,16.125000476837,60.025000572205,1.0919379224667545
2004-03-22,01:00:00,1.5,1095.25,,5.0711119746790105,767.0,74.0,1050.25,76.0,1547.0,818.25,15.824999809265,60.52499961853,1.0804773134011116
2004-03-22,02:00:00,0.6,897.0,,1.7186528499153866,562.5,23.0,1416.5,33.0,1355.0,472.25,16.325000524521,56.950000762939,1.0490753496476835
2004-03-22,03:00:00,0.4,842.0,,0.7105175744554979,468.0,,1812.75,,1274.25,393.5,16.924999713898,53.900000572205,1.0308562690618497
2004-03-22,04:00:00,,853.75,,0.8290144389243211,481.25,17.0,1755.5,27.0,1304.0,396.25,16.100000143051,55.900000572205,1.015304130935898
2004-03-22,05:00:00,0.3,845.0,,0.7476764553371612,472.25,15.0,1785.75,23.0,1278.0,378.25,16.525000095367,53.874999046326,1.0049393615506244
2004-03-22,06:00:00,0.6,941.5,,2.025609370348589,586.0,41.0,1479.5,46.0,1372.5,432.0,16.375,53.999999046326,0.9978546885702252
2004-03-22,07:00:00,1.2,1090.25,,5.0961253478844695,768.25,86.0,1072.0,76.0,1537.75,699.0,15.674999952316,57.64999961853,1.0194861727865518
2004-03-22,08:00:00,3.6,1514.25,,17.68644401102917,1230.25,226.0,732.0,116.0,1996.25,1252.25,15.799999952316,53.699999809265,0.9571330274866426
2004-03-22,09:00:00,3.7,1378.75,,18.424945508834465,1251.75,214.0,711.0,115.0,1961.75,1236.75,17.375,42.099999427795,0.828074790777483
2004-03-22,10:00:00,1.8,1074.25,,6.941043175885108,854.25,115.0,1031.75,83.0,1483.5,772.0,17.900000095367,38.35000038147,0.7793149986854928
2004-03-22,11:00:00,1.6,1089.75,,7.25246168751516,867.75,124.0,1025.75,87.0,1509.0,765.75,18.549999713898,36.699999809265,0.7763806752548089
2004-03-22,12:00:00,1.9,1109.5,,9.645572227732076,964.25,122.0,947.25,90.0,1576.5,828.75,21.0,29.550000190735,0.7262509900901662
2004-03-22,13:00:00,2.0,1101.75,,10.44807267453735,994.25,107.0,954.75,87.0,1598.75,783.0,21.349999904633,28.14999961853,0.7066788394352187
2004-03-22,14:00:00,2.2,1099.5,,11.172567986822713,1020.5,133.0,951.75,99.0,1607.0,822.0,21.300000190735,26.125,0.6538603351856797
2004-03-22,15:00:00,2.1,1093.75,,10.673538660162198,1002.5,130.0,965.0,99.0,1573.75,813.0,21.25,26.77499961853,0.6681019007634191
2004-03-22,16:00:00,2.3,1075.5,451.0,11.553201624877465,1034.0,150.0,964.25,101.0,1544.25,812.5,21.324999809265,24.175000190735,0.6059722402809583
2004-03-22,17:00:00,2.6,1151.75,185.0,12.352616700065974,1061.75,138.0,928.0,103.0,1606.25,849.5,20.22500038147,28.5,0.6681783824059524
2004-03-22,18:00:00,3.8,1406.75,426.0,18.338412046262704,1249.25,213.0,720.0,129.0,1931.75,1275.75,16.974999904633,43.075000762939,0.8263987212238713
2004-03-22,19:00:00,4.4,1437.5,672.0,21.027784709338036,1324.75,232.0,677.5,143.0,1992.5,1400.75,15.599999904633,47.424999237061,0.8347152530947474
2004-03-22,20:00:00,4.5,1424.5,624.0,21.046116131019687,1325.25,238.0,678.0,146.0,1965.0,1355.75,15.275000095367,47.425000190735,0.8177834352481763
2004-03-22,21:00:00,3.3,1278.5,325.0,14.453859645603398,1131.25,180.0,775.25,124.0,1758.25,1243.0,14.524999856949,49.724999427795,0.8176931732751006
2004-03-22,22:00:00,2.0,1131.75,143.0,8.4189190812524,916.25,128.0,920.0,113.0,1560.5,1082.5,13.924999952316,52.0,0.8230932364528829
2004-03-22,23:00:00,1.1,1006.25,89.0,4.331267414137387,728.75,65.0,1141.75,80.0,1369.5,795.0,14.474999666214,49.449999809265,0.8105945717127214
2004-03-23,00:00:00,0.9,982.25,73.0,3.7993883716478276,699.5,53.0,1204.25,72.0,1358.75,735.0,13.799999952316,51.39999961853,0.8071384129292277
2004-03-23,01:00:00,0.8,968.5,48.0,2.744960463816399,635.75,47.0,1271.0,64.0,1309.25,684.0,14.000000238419,51.324999809265,0.8162997807682635
2004-03-23,02:00:00,0.7,940.5,47.0,2.5257266429937895,621.25,51.0,1298.25,70.0,1329.75,714.25,12.950000047684,56.774998664856,0.8443615182096388
2004-03-23,03:00:00,0.5,892.0,36.0,1.2437930532545707,522.25,,1522.25,,1284.5,456.0,11.049999952316,70.049999237061,0.9214781997356969
2004-03-23,04:00:00,,855.0,25.0,0.796957826375638,477.75,20.0,1700.75,31.0,1261.25,401.25,10.075000286102,76.825000762939,0.9483165474813703
2004-03-23,05:00:00,0.3,833.75,19.0,0.6324529344704092,458.75,13.0,1908.0,22.0,1211.5,361.25,8.8250002861023,80.450000762939,0.9147006711156319
2004-03-23,06:00:00,0.5,908.5,26.0,1.7693789354604086,566.5,33.0,1542.0,47.0,1286.5,417.75,9.5750000476837,75.375,0.900402824847413
2004-03-23,07:00:00,1.1,1061.0,60.0,4.629884529509057,744.5,103.0,1178.25,88.0,1428.5,616.25,9.7999999523163,74.999998092651,0.909254703700678
2004-03-23,08:00:00,3.0,1440.75,248.0,14.220357031168104,1123.75,224.0,851.0,130.0,1829.0,1088.5,10.0,74.224998474121,0.9117336187539158
2004-03-23,09:00:00,3.8,1498.25,535.0,21.018621552396723,1324.5,244.0,684.25,132.0,2095.0,1328.75,11.150000095367,69.724998474121,0.9231838171879531
2004-03-23,10:00:00,3.4,1342.75,340.0,16.182651999829726,1185.25,237.0,760.0,132.0,1856.5,1310.5,12.0,62.924999237061,0.8803110590017909
2004-03-23,11:00:00,3.0,1308.0,325.0,15.540714041369165,1165.5,220.0,791.75,131.0,1794.0,1236.0,12.775000333786,55.824999809265,0.8209580692971273
2004-03-23,12:00:00,2.7,1209.0,267.0,13.40834196852907,1097.25,207.0,836.5,129.0,1746.0,1147.25,13.125,54.75,0.823433468722959
2004-03-23,13:00:00,3.5,1310.25,325.0,16.88567737249463,1206.5,208.0,770.25,132.0,1846.75,1301.0,13.75,53.350001335144,0.8350917176674897
2004-03-23,14:00:00,2.8,1170.75,268.0,12.425753469349981,1064.25,160.0,880.5,110.0,1639.0,1096.5,16.025000095367,42.449999809265,0.7673916089486096
2004-03-23,15:00:00,1.9,1112.0,136.0,10.063476527638535,980.0,131.0,923.75,99.0,1588.5,900.25,14.099999904633,49.800000190735,0.7971041564397974
2004-03-23,16:00:00,2.0,1132.0,118.0,8.687448039881527,927.0,128.0,944.25,100.0,1570.25,780.5,11.974999904633,61.125000953674,0.8537496126514045
2004-03-23,17:00:00,3.0,1225.0,276.0,13.834795263224649,1111.25,176.0,817.75,122.0,1718.75,1013.25,13.599999904633,54.599999427795,0.8465137107145668
2004-03-23,18:00:00,1.9,1064.5,151.0,9.345221010408595,952.75,107.0,961.75,97.0,1513.75,789.75,13.650000095367,49.475001335144,0.7695091509871899
2004-03-23,19:00:00,2.7,1236.25,236.0,13.009989174919578,1084.0,131.0,853.5,112.0,1687.75,1059.0,11.674999952316,57.099999427795,0.7822086129070637
2004-03-23,20:00:00,3.3,1308.5,220.0,14.298011063375009,1126.25,166.0,812.0,128.0,1721.5,1204.75,11.474999904633,58.174999237061,0.7866766040131471
2004-03-23,21:00:00,1.7,1089.0,87.0,7.6350173007290705,884.0,89.0,1006.0,101.0,1486.5,974.5,12.600000143051,54.200000762939,0.7881456666289758
2004-03-23,22:00:00,1.3,999.66666666667,81.0,5.25237752206223,776.0,81.0,1141.3333333333,96.0,1374.6666666667,896.0,11.966666857402,54.900000254313,0.7663906589383694
2004-03-23,23:00:00,1.3,1041.25,74.0,5.369604169687442,781.75,78.0,1105.25,86.0,1424.5,911.0,11.000000238419,61.449999809265,0.8057247626291152
2004-03-24,00:00:00,1.2,1044.75,55.0,4.853261953187035,756.0,70.0,1136.75,85.0,1410.5,901.5,11.075000047684,62.224999427795,0.8198751141487293
2004-03-24,01:00:00,1.1,997.25,74.0,4.620274381419234,744.0,76.0,1150.5,79.0,1405.0,831.75,10.775000095367,62.549999237061,0.8082234801814543
2004-03-24,02:00:00,0.9,948.25,35.0,2.718089095832183,634.0,43.0,1319.75,61.0,1326.0,715.0,11.299999952316,60.024998664856,0.8025317149791713
2004-03-24,03:00:00,0.6,878.25,29.0,1.5733010414535393,550.75,,1492.75,,1271.5,683.25,10.575000047684,61.599999427795,0.7856379642355912
2004-03-24,04:00:00,,907.5,29.0,1.671669623943802,558.75,44.0,1477.25,66.0,1286.75,720.5,10.225000143051,62.675000190735,0.7812817106763932
2004-03-24,05:00:00,0.6,892.25,20.0,1.2383083168676672,521.75,34.0,1572.0,54.0,1254.75,647.75,10.875,58.64999961853,0.7627818896319655
2004-03-24,06:00:00,0.8,953.75,32.0,1.6997929461444818,561.0,43.0,1495.75,57.0,1255.25,612.25,10.75,57.224999427795,0.7382145238490284
2004-03-24,07:00:00,1.2,1045.25,84.0,4.750728721412927,750.75,79.0,1185.75,75.0,1403.0,799.75,10.375,59.22500038147,0.7455494117085614
2004-03-24,08:00:00,3.1,1382.75,245.0,13.765874424449917,1109.0,174.0,831.5,97.0,1706.0,1172.5,10.975000143051,57.299999237061,0.7500896894409064
2004-03-24,09:00:00,4.4,1597.25,553.0,23.679335397377134,1395.25,235.0,652.0,110.0,2080.25,1518.5,11.200000047684,56.949999809265,0.7564914394511036
2004-03-24,10:00:00,3.4,1317.5,450.0,14.212601545647468,1123.5,218.0,761.75,113.0,1770.25,1286.5,12.100000143051,54.925000190735,0.7733693595230158
2004-03-24,11:00:00,1.7,1137.75,118.0,7.959186808148644,897.5,136.0,950.0,88.0,1505.25,965.5,15.074999570847,44.25,0.7534549507396582
2004-03-24,12:00:00,1.5,1097.5,118.0,6.663517615555966,842.0,117.0,1012.25,85.0,1440.0,827.75,15.599999904633,40.599999427795,0.7145901811957243
2004-03-24,13:00:00,1.7,1117.5,144.0,8.687448039881527,927.0,119.0,958.75,96.0,1477.0,824.5,16.874999523163,34.599999427795,0.6596749224621096
2004-03-24,14:00:00,2.2,1170.25,159.0,10.838801261791318,1008.5,126.0,879.0,106.0,1566.0,872.0,16.649999856949,35.625,0.6697356415533213
2004-03-24,15:00:00,,1112.25,122.0,6.669133099118774,842.25,100.0,1015.25,91.0,1494.0,679.5,11.325000047684,63.875000953674,0.8553928124098029
2004-03-24,16:00:00,2.7,1389.5,230.0,11.369254997979782,1027.5,197.0,828.75,126.0,1729.5,1002.25,9.625,81.099998474121,0.9719787235472275
2004-03-24,17:00:00,2.8,1353.25,320.0,13.362988476365068,1095.75,195.0,773.75,130.0,1783.0,1159.0,11.724999904633,69.10000038147,0.9496639741360771
2004-03-24,18:00:00,2.7,1260.25,263.0,12.004126369175433,1049.75,156.0,828.25,111.0,1722.0,978.75,10.675000190735,68.5,0.879355586348885
2004-03-24,19:00:00,4.5,1501.25,556.0,20.20092355152243,1302.0,247.0,680.75,134.0,2008.25,1311.25,10.674999952316,67.324998855591,0.8642717215244782
2004-03-24,20:00:00,3.5,1272.5,458.0,14.399230713541861,1129.5,190.0,795.25,136.0,1743.5,1071.25,10.775000095367,65.674999237061,0.848602351586309
2004-03-24,21:00:00,2.6,1178.5,214.0,9.390665192516412,954.5,169.0,927.75,125.0,1571.25,898.5,10.349999904633,66.324998855591,0.8335645684953101
2004-03-24,22:00:00,1.7,1046.75,97.0,5.940075060201868,809.0,118.0,1064.25,108.0,1435.0,766.0,10.050000190735,66.924999237061,0.8247612751599469
2004-03-24,23:00:00,1.3,972.5,79.0,4.529402998167067,739.25,81.0,1186.25,87.0,1353.75,589.0,10.425000190735,61.10000038147,0.7716687735626684
2004-03-25,00:00:00,1.3,997.0,81.0,4.486627508988761,737.0,80.0,1167.75,89.0,1340.5,630.75,10.325000047684,59.89999961853,0.7515871246815314
2004-03-25,01:00:00,1.0,969.5,52.0,2.514599021549308,620.5,42.0,1399.5,58.0,1249.25,478.5,11.049999952316,58.425001144409,0.7685562521123138
2004-03-25,02:00:00,0.7,902.0,38.0,1.7821586396135651,567.5,38.0,1450.25,54.0,1253.0,478.5,9.0999999046326,68.14999961853,0.7890407878709773
2004-03-25,03:00:00,0.7,921.25,35.0,1.4218161094645745,538.0,,1564.0,,1224.25,417.0,9.4749999046326,68.175001144409,0.8090593451073614
2004-03-25,04:00:00,0.5,858.25,29.0,0.9066972606578043,489.5,18.0,1706.75,28.0,1211.75,377.5,9.3249998092651,72.299999237061,0.8495878268395908
2004-03-25,05:00:00,0.5,878.0,21.0,0.6160853557960174,456.75,12.0,1934.5,20.0,1157.75,343.5,9.8999998569489,66.800001144409,0.8151706050190269
2004-03-25,06:00:00,0.6,892.5,46.0,1.442220421528291,539.75,43.0,1603.75,51.0,1267.5,412.5,7.5500000715256,83.224998474121,0.8694953342019478
2004-03-25,07:00:00,1.1,1038.0,55.0,3.755311504247508,697.0,84.0,1260.25,82.0,1382.75,604.75,8.0750002861023,78.97500038147,0.8544201662683033
2004-03-25,08:00:00,2.7,1319.5,271.0,11.57450718922684,1034.75,184.0,902.25,112.0,1720.75,990.75,8.7249999046326,74.624998092651,0.8428838983819366
2004-03-25,09:00:00,3.5,1352.75,434.0,17.831404955551463,1234.5,202.0,740.25,119.0,1936.75,1175.25,8.5999999046326,75.125,0.8415465744384171
2004-03-25,10:00:00,2.3,1133.25,300.0,8.845219157196645,933.25,133.0,969.0,99.0,1552.25,922.75,9.7000000476837,69.650001525879,0.8388719696253087
2004-03-25,11:00:00,1.6,1065.5,116.0,6.827184440761592,849.25,130.0,1039.0,98.0,1468.0,828.5,11.0,64.425000190735,0.8447325849019058
2004-03-25,12:00:00,1.3,1026.5,95.0,5.934730067801716,808.75,106.0,1081.0,88.0,1441.5,732.75,13.599999904633,52.950000762939,0.8209322728556079
2004-03-25,13:00:00,2.0,1105.5,211.0,8.889611855025933,935.0,132.0,957.5,96.0,1569.5,819.25,14.175000190735,48.375,0.7779993118526018
2004-03-25,14:00:00,1.9,1037.75,168.0,8.178484755708308,906.5,106.0,976.0,81.0,1492.25,723.25,14.174999952316,46.25,0.743823620206029
2004-03-25,15:00:00,1.9,1084.0,154.0,8.618412576532277,924.25,125.0,986.25,92.0,1501.0,786.0,16.024999856949,41.27499961853,0.7461504837383152
2004-03-25,16:00:00,2.2,1104.5,267.0,10.123793161712667,982.25,138.0,939.25,105.0,1545.25,850.0,17.674999713898,35.400000572205,0.7093956696895586
2004-03-25,17:00:00,2.0,1101.75,143.0,9.44271643902197,956.5,120.0,968.0,88.0,1526.5,819.5,17.074999809265,37.425000190735,0.7224948100948272
2004-03-25,18:00:00,2.9,1239.75,374.0,14.641827890596746,1137.25,158.0,835.75,103.0,1748.25,990.5,14.924999952316,40.525000572205,0.6835131119469691
2004-03-25,19:00:00,5.2,1443.25,797.0,24.563483800808026,1418.0,253.0,666.25,141.0,2059.75,1454.25,13.350000143051,47.800000190735,0.7293381777681275
2004-03-25,20:00:00,4.6,1389.0,698.0,21.62703708737063,1341.0,231.0,691.5,133.0,1981.5,1487.5,12.599999904633,52.549999237061,0.7641522686708787
2004-03-25,21:00:00,2.5,1182.75,234.0,10.312426565086698,989.25,150.0,904.0,119.0,1538.75,1205.0,12.225000143051,53.22500038147,0.7555004761179079
2004-03-25,22:00:00,1.5,1014.25,104.0,5.701585274620053,797.75,99.0,1083.0,106.0,1376.25,909.0,10.550000190735,56.075000762939,0.714007352739794
2004-03-25,23:00:00,1.2,978.5,67.0,4.467671749279885,736.0,75.0,1153.75,92.0,1323.5,768.5,9.9250001907349,59.52499961853,0.7275838856465283
2004-03-26,00:00:00,1.7,1047.5,88.0,5.477599159348292,787.0,93.0,1098.25,97.0,1372.75,834.5,9.625,61.10000038147,0.7322799198136483
2004-03-26,01:00:00,1.4,1023.75,79.0,4.799437657555934,753.25,79.0,1131.0,91.0,1357.0,793.0,9.7000000476837,61.64999961853,0.7425191022886072
2004-03-26,02:00:00,1.2,973.5,61.0,3.633065021681544,690.0,67.0,1207.5,83.0,1313.25,733.25,9.4000000953674,62.64999961853,0.7398339473297111
2004-03-26,03:00:00,0.6,861.5,43.0,1.6997929461444818,561.0,,1449.25,,1219.25,501.75,8.1750001907349,68.450000762939,0.7454836148861783
2004-03-26,04:00:00,0.7,924.5,40.0,2.246785504993861,602.0,45.0,1398.0,59.0,1263.0,562.25,7.9750001430511,69.39999961853,0.7458585473426417
2004-03-26,05:00:00,0.8,951.5,52.0,3.0278593859425342,653.75,72.0,1209.75,73.0,1312.25,832.25,7.7250000238419,72.424999237061,0.7655338358715296
2004-03-26,06:00:00,0.9,1004.75,64.0,4.045717310202204,713.25,103.0,1130.0,78.0,1363.0,923.5,7.9750002622604,71.75,0.7711145747825517
2004-03-26,07:00:00,1.6,1122.0,88.0,6.652292699030296,841.5,132.0,1014.75,90.0,1438.0,974.25,8.5000001192093,66.27499961853,0.7375123781122757
2004-03-26,08:00:00,3.4,1350.75,375.0,16.702495983514385,1201.0,239.0,783.25,110.0,1828.0,1306.75,9.7750000953674,59.60000038147,0.7213704052298594
2004-03-26,09:00:00,3.8,1407.75,592.0,19.344005847031532,1278.0,275.0,681.75,114.0,1927.5,1480.75,11.150000095367,56.97500038147,0.7543693006457773
2004-03-26,10:00:00,3.1,1303.75,357.0,14.775598053926105,1141.5,232.0,771.75,119.0,1747.25,1404.75,14.849999904633,44.125,0.7407076402903807
2004-03-26,11:00:00,2.7,1206.75,296.0,13.431043277829003,1098.0,180.0,826.0,121.0,1663.5,1194.75,16.849999904633,35.349999427795,0.6729230427307409
2004-03-26,12:00:00,2.0,1099.25,181.0,10.977346204363998,1013.5,112.0,947.75,97.0,1503.25,867.75,19.224999904633,27.099999904633,0.5976243895607846
2004-03-26,13:00:00,2.3,1105.6666666667,211.0,12.535803547771689,1068.0,116.0,914.66666666667,99.0,1535.3333333333,874.0,19.099999745687,26.233332951864,0.5740849012491405
2004-03-26,14:00:00,1.9,1009.25,199.0,8.4189190812524,916.25,103.0,1015.0,85.0,1390.5,738.0,16.349999904633,30.799999713898,0.5682559747419185
2004-03-26,15:00:00,1.3,961.75,81.0,5.25237752206223,776.0,89.0,1151.5,75.0,1279.0,549.75,14.174999952316,36.825000286102,0.592244433013977
2004-03-26,16:00:00,1.9,1093.25,143.0,8.826222726457212,932.5,112.0,975.5,87.0,1454.25,776.75,13.449999809265,40.974999427795,0.6292128397022791
2004-03-26,17:00:00,2.3,1179.75,247.0,11.228614928035205,1022.5,127.0,886.25,102.0,1588.25,966.25,14.224999904633,43.274998664856,0.6981943882559115
2004-03-26,18:00:00,2.4,1168.0,239.0,11.638524261032968,1037.0,125.0,868.25,105.0,1579.5,989.75,12.075000047684,45.550000190735,0.6403309171830182
2004-03-26,19:00:00,2.7,1167.5,267.0,12.389162076428056,1063.0,120.0,875.5,98.0,1540.25,943.5,10.375,48.02499961853,0.6045590541541206
2004-03-26,20:00:00,2.6,1139.5,261.0,10.591313617363797,999.5,120.0,916.0,93.0,1490.0,962.0,10.0,51.125,0.627987635123302
2004-03-26,21:00:00,1.5,1000.75,97.0,5.982908820688995,811.0,99.0,1097.25,91.0,1308.25,777.75,9.8250000476837,50.824999809265,0.617182802411024
2004-03-26,22:00:00,1.2,953.0,66.0,4.601079630929639,743.0,79.0,1185.25,85.0,1252.0,689.5,9.6749999523163,50.425000190735,0.6063281126407005
2004-03-26,23:00:00,1.1,971.5,60.0,4.068437354625373,714.5,66.0,1236.5,74.0,1257.5,643.5,9.8500001430511,50.175000190735,0.6102893815255749
2004-03-27,00:00:00,1.5,1021.0,77.0,5.247305750259137,775.75,94.0,1143.75,87.0,1306.5,753.0,9.400000333786,53.35000038147,0.6300102511032551
2004-03-27,01:00:00,1.0,940.0,57.0,3.1860104697339593,663.5,70.0,1289.5,79.0,1232.0,646.0,8.625,57.824999809265,0.6488249169079522
2004-03-27,02:00:00,1.2,1045.5,65.0,4.462938156393024,735.75,75.0,1142.25,78.0,1312.0,838.25,8.125,62.14999961853,0.6746284144009465
2004-03-27,03:00:00,1.1,1026.0,59.0,3.790555459460099,699.0,,1191.0,,1291.5,851.25,7.8749998807907,63.474999427795,0.6776614806800293
2004-03-27,04:00:00,,983.25,48.0,3.7685115383177186,697.75,57.0,1209.0,63.0,1295.75,800.75,7.3500000238419,64.825000762939,0.6682863838741225
2004-03-27,05:00:00,0.8,915.25,27.0,1.9220071328834474,578.25,32.0,1417.0,48.0,1212.0,665.0,8.2499998807907,58.875000953674,0.6444011605636348
2004-03-27,06:00:00,0.9,934.75,25.0,2.4372931460201444,615.25,54.0,1373.0,59.0,1249.75,717.0,6.3250000476837,66.599999427795,0.6410221565623528
2004-03-27,07:00:00,1.1,976.25,42.0,3.268441768671755,668.5,68.0,1270.25,65.0,1266.25,794.5,7.1500000953674,62.875,0.6395822960862745
2004-03-27,08:00:00,1.5,1123.75,78.0,6.663517615555966,842.0,98.0,1049.75,71.0,1418.0,935.5,7.1500000953674,63.89999961853,0.6500088823209779
2004-03-27,09:00:00,1.8,1162.5,128.0,8.474825256908856,918.5,128.0,921.5,84.0,1530.25,1075.5,11.074999809265,50.499999046326,0.6653867773666517
2004-03-27,10:00:00,2.1,1166.5,184.0,9.698220270852254,966.25,129.0,941.5,93.0,1519.75,1016.0,15.475000143051,36.14999961853,0.6312750080205722
2004-03-27,11:00:00,2.1,1120.75,156.0,9.410170035043505,955.25,130.0,991.75,99.0,1450.75,833.75,17.849999904633,29.224999904633,0.5920464600312022
2004-03-27,12:00:00,1.9,1071.25,176.0,9.010583552600266,939.75,111.0,993.75,93.0,1449.25,756.25,17.624999761581,30.099999904633,0.6013167306092636
2004-03-27,13:00:00,2.1,1064.75,232.0,10.030033705078656,978.75,106.0,949.5,96.0,1467.25,766.0,19.074999809265,26.825000286102,0.586131112165905
2004-03-27,14:00:00,2.5,1157.25,305.0,12.638889972455347,1071.5,137.0,888.25,114.0,1595.5,904.75,17.699999809265,28.574999809265,0.5735160349840353
2004-03-27,15:00:00,1.9,1046.25,150.0,7.599353631659464,882.5,113.0,1051.25,101.0,1357.0,765.0,17.775000095367,28.449999809265,0.5736712627057369
2004-03-27,16:00:00,2.2,1147.0,188.0,11.781322973571852,1042.0,122.0,933.5,108.0,1538.25,830.25,18.724999904633,25.974999904633,0.5554589378581296
2004-03-27,17:00:00,2.3,1118.75,221.0,11.221602522216635,1022.25,137.0,916.25,117.0,1507.75,853.25,17.075000286102,31.275000095367,0.6037682247484637
2004-03-27,18:00:00,2.7,1209.5,219.0,12.352616700065974,1061.75,165.0,885.5,125.0,1586.25,980.5,15.824999809265,36.074998855591,0.6440019510963166
2004-03-27,19:00:00,3.0,1305.75,306.0,12.868432241320129,1079.25,196.0,826.75,133.0,1621.0,1285.75,14.674999952316,40.099999427795,0.6657200374161357
2004-03-27,20:00:00,2.8,1257.5,270.0,12.206895761540563,1056.75,174.0,840.5,119.0,1632.75,1243.5,13.649999856949,44.949999809265,0.699129554929824
2004-03-27,21:00:00,2.2,1148.25,231.0,8.76933794439815,930.25,140.0,947.5,107.0,1475.25,1056.25,12.5,48.075000762939,0.694596122292269
2004-03-27,22:00:00,1.6,1107.75,125.0,6.787523688906004,847.5,102.0,1022.75,96.0,1420.75,1003.0,11.849999904633,50.824999809265,0.704175163007097
2004-03-27,23:00:00,2.1,1230.75,122.0,8.6058859089994,923.75,130.0,906.0,105.0,1483.25,1244.5,10.924999952316,56.14999961853,0.7326481760306406
2004-03-28,00:00:00,2.3,1292.5,161.0,8.934099266185445,936.75,121.0,929.75,102.0,1463.75,1200.25,10.875,55.949999809265,0.7276666130776173
2004-03-28,01:00:00,2.3,1274.25,101.0,8.313749266595785,912.0,111.0,939.25,97.0,1451.0,1188.0,10.300000190735,58.10000038147,0.727811710387278
2004-03-28,02:00:00,1.7,1135.25,95.0,6.335782437222818,827.25,87.0,1012.75,79.0,1394.5,1070.0,9.3000001907349,62.175000190735,0.7294090479235076
2004-03-28,03:00:00,2.2,1151.0,129.0,8.29524842051841,911.25,,935.25,,1500.5,1074.5,8.2000000476837,66.700000762939,0.7276304381913364
2004-03-28,04:00:00,1.3,1009.5,96.0,5.116173813476844,769.25,77.0,1109.75,69.0,1396.0,895.25,8.3000000715256,64.875001907349,0.7124307169300036
2004-03-28,05:00:00,0.8,869.75,54.0,2.5966872968302512,626.0,39.0,1325.0,52.0,1283.75,755.25,9.6000001430511,58.5,0.6999687486603463
2004-03-28,06:00:00,1.1,983.0,63.0,3.602773223770146,688.25,77.0,1250.75,62.0,1342.0,805.5,7.6750000715256,66.35000038147,0.6989901525427645
2004-03-28,07:00:00,1.4,995.25,72.0,3.64173967489039,690.5,91.0,1219.0,69.0,1321.25,836.25,7.4250000715256,67.97500038147,0.7042758342585153
2004-03-28,08:00:00,1.3,1024.25,91.0,4.682892421913301,747.25,105.0,1136.0,75.0,1382.0,897.25,9.6500000953674,58.599998474121,0.7034715294078068
2004-03-28,09:00:00,1.9,1163.0,127.0,7.534155226996669,879.75,133.0,958.5,83.0,1486.25,1073.0,12.5,50.125,0.724214874204227
2004-03-28,10:00:00,2.3,1217.75,193.0,8.965933937610119,938.0,128.0,917.75,94.0,1500.5,1088.0,16.825000286102,36.924999237061,0.7018082557636076
2004-03-28,11:00:00,2.3,1210.0,188.0,9.468788047958288,957.5,126.0,932.5,96.0,1514.25,1036.0,19.175000190735,31.325000286102,0.6886775268735442
2004-03-28,12:00:00,1.8,1113.5,151.0,7.694614864499808,886.5,92.0,1020.25,86.0,1438.0,768.25,21.300000190735,26.400000095367,0.6607430779429146
2004-03-28,13:00:00,1.4,994.5,103.0,5.664861806391042,796.0,66.0,1159.25,72.0,1287.0,587.25,21.224999904633,23.14999961853,0.5767748630455667
2004-03-28,14:00:00,1.0,926.5,55.0,3.803808114179806,699.75,50.0,1285.0,53.0,1189.25,452.0,18.625,25.025000095367,0.5318540525193962
2004-03-28,15:00:00,1.4,1001.5,104.0,4.804320198215755,753.5,70.0,1188.5,65.0,1259.75,469.75,18.049999713898,27.275000095367,0.5594339224287499
2004-03-28,16:00:00,1.3,986.75,116.0,4.303271193472167,727.25,73.0,1212.75,70.0,1244.0,501.75,18.199999809265,28.25,0.584836833830443
2004-03-28,17:00:00,1.3,993.0,93.0,4.050256979222614,713.5,77.0,1216.5,75.0,1237.75,515.5,17.049999713898,31.375,0.6047552989864466
2004-03-28,18:00:00,1.4,1011.5,93.0,4.653947132964057,745.75,86.0,1174.25,86.0,1300.5,554.5,15.625,35.0,0.6169967172353186
2004-03-28,19:00:00,1.9,1113.75,155.0,6.237201055298119,822.75,93.0,1067.5,94.0,1357.25,670.75,14.100000143051,40.22500038147,0.6438456899717052
2004-03-28,20:00:00,1.8,1093.25,115.0,5.508623133368252,788.5,105.0,1101.75,103.0,1329.0,787.5,13.425000190735,43.199998855591,0.6623204318935353
2004-03-28,21:00:00,1.1,968.25,75.0,3.2808838245676193,669.25,67.0,1261.0,81.0,1245.5,538.25,12.325000047684,46.799999237061,0.6685970296466238
2004-03-28,22:00:00,1.1,959.75,65.0,3.218875255436456,665.5,63.0,1266.0,80.0,1223.75,544.0,11.875,46.47500038147,0.6449478999799921
2004-03-28,23:00:00,1.1,942.0,57.0,2.9322466012758994,647.75,63.0,1299.75,77.0,1204.0,499.5,11.5,46.64999961853,0.631851844976167
2004-03-29,00:00:00,0.9,887.75,40.0,2.183593389348636,597.5,46.0,1396.25,58.0,1155.75,417.25,10.625000238419,47.950000762939,0.6135454303931761
2004-03-29,01:00:00,0.6,817.75,27.0,1.2575500759428946,523.5,21.0,1587.5,31.0,1071.0,341.25,10.724999904633,45.775000572205,0.5895459442308844
2004-03-29,02:00:00,0.5,840.25,23.0,1.1019592524649573,509.0,22.0,1643.0,38.0,1075.75,352.0,10.449999809265,46.64999961853,0.5901335881053779
2004-03-29,03:00:00,0.7,894.0,28.0,1.2658352378612354,524.25,,1557.0,,1095.0,397.25,10.100000143051,47.824998855591,0.5913116840225768
2004-03-29,04:00:00,0.6,863.66666666667,21.0,1.179554362055887,516.33333333333,39.0,1496.3333333333,59.0,1153.0,502.33333333333,11.333333333333,46.86666615804,0.6279623208551685
2004-03-29,05:00:00,0.7,898.0,33.0,1.6779019605578074,559.25,55.0,1441.25,70.0,1179.75,648.25,10.125,51.199999809265,0.6340770912900695
2004-03-29,06:00:00,0.9,945.5,40.0,2.8535704981423655,642.75,76.0,1309.0,75.0,1231.75,759.5,9.8500001430511,50.700000762939,0.6166750770570743
2004-03-29,07:00:00,2.9,1309.25,279.0,14.266927815926682,1125.25,181.0,844.25,103.0,1686.5,1183.0,8.1000000238419,56.75,0.6149907769284461
2004-03-29,08:00:00,4.1,1326.25,743.0,19.743714277046415,1289.25,259.0,713.5,134.0,1805.5,1431.25,10.925000190735,44.050000190735,0.5747667500245283
2004-03-29,09:00:00,1.5,966.25,147.0,5.4518029314463465,785.75,118.0,1111.25,98.0,1257.75,705.25,11.775000095367,37.599999427795,0.5184235105053019
2004-03-29,10:00:00,1.5,975.0,97.0,5.596929682822607,792.75,119.0,1133.25,97.0,1254.0,637.25,13.850000143051,33.150000572205,0.522219546954398
2004-03-29,11:00:00,1.5,988.25,118.0,5.807066327844245,802.75,123.0,1105.0,98.0,1292.5,658.25,15.575000286102,30.075000286102,0.528509453270279
2004-03-29,12:00:00,1.4,971.0,91.0,5.4569580235554955,786.0,92.0,1129.25,78.0,1271.5,546.0,16.500000238419,29.02499961853,0.5405616898275734
2004-03-29,13:00:00,1.6,1009.75,146.0,6.457164646441118,832.75,91.0,1070.0,83.0,1332.25,561.0,17.474999904633,27.875,0.5517006195546249
2004-03-29,14:00:00,1.5,983.5,139.0,5.544912138895297,790.25,103.0,1131.0,92.0,1267.5,531.75,17.900000095367,26.800000667572,0.544606056773643
2004-03-29,15:00:00,1.4,961.5,155.0,5.247305750259137,775.75,102.0,1131.25,81.0,1247.0,535.25,18.150000095367,26.099999904633,0.5386580627191933
2004-03-29,16:00:00,1.5,1012.0,128.0,5.770054202900989,801.0,94.0,1098.25,90.0,1288.75,525.0,17.974999427795,27.050000190735,0.5522473354811813
2004-03-29,17:00:00,1.9,1058.0,166.0,7.910799352772567,895.5,98.0,995.75,95.0,1357.5,603.25,16.999999523163,28.925000190735,0.5557954959945705
2004-03-29,18:00:00,2.5,1173.0,299.0,10.204454244911034,985.25,126.0,904.5,114.0,1476.75,802.25,16.10000038147,31.275000572205,0.5680436033297681
2004-03-29,19:00:00,2.1,1126.5,163.0,8.196874198144533,907.25,108.0,956.5,106.0,1403.5,796.25,14.549999952316,35.449999809265,0.5838761514450106
2004-03-29,20:00:00,1.6,1019.5,154.0,5.691082532681572,797.25,95.0,1065.75,99.0,1302.0,688.75,13.225000143051,37.875,0.5732960987674435
2004-03-29,21:00:00,1.2,948.75,80.0,3.7993883716478276,699.5,78.0,1220.5,90.0,1177.5,553.0,13.125,34.374999523163,0.5169958921407884
2004-03-29,22:00:00,1.1,929.5,58.0,3.977882954308811,709.5,61.0,1278.0,82.0,1136.5,509.25,13.549999952316,28.499999523163,0.4404525393661916
2004-03-29,23:00:00,1.0,899.75,55.0,2.8496606572459786,642.5,55.0,1338.75,74.0,1089.25,455.0,12.424999952316,31.875000476837,0.4583174182501161
2004-03-30,00:00:00,1.0,898.75,33.0,2.6495095616042814,629.5,57.0,1417.5,76.0,1050.25,425.0,13.125,26.75,0.4023168089194366
2004-03-30,01:00:00,0.7,866.25,33.0,1.804617397022203,569.25,41.0,1467.5,66.0,1055.25,435.5,11.649999856949,33.599999904633,0.4595395192830382
2004-03-30,02:00:00,0.7,899.75,32.0,1.7249591914596851,563.0,46.0,1402.0,73.0,1129.5,618.0,10.5,42.875,0.5441522453763333
2004-03-30,03:00:00,0.8,949.0,25.0,1.442220421528291,539.75,,1456.75,,1104.0,747.25,11.674999952316,38.675000190735,0.5298059291862145
2004-03-30,04:00:00,,896.5,29.0,1.31322175102388,528.5,41.0,1462.0,69.0,1100.5,692.5,12.224999904633,37.175000190735,0.5276792806142719
2004-03-30,05:00:00,0.7,956.0,26.0,2.2857806756960337,604.75,52.0,1341.25,71.0,1116.75,691.0,12.924999952316,33.924999237061,0.5037261536559368
2004-03-30,06:00:00,1.1,1054.0,86.0,5.313401621471466,779.0,111.0,1079.5,98.0,1265.75,1012.75,11.274999856949,40.27499961853,0.537601948523615
2004-03-30,07:00:00,2.6,1343.25,294.0,13.378099027683405,1096.25,191.0,838.5,115.0,1586.5,1310.75,11.900000095367,38.425000190735,0.5340979361580392
2004-03-30,08:00:00,4.0,1583.5,664.0,23.81445830704887,1398.75,244.0,642.25,130.0,1946.75,1675.0,13.324999809265,35.550001144409,0.541559228531225
2004-03-30,09:00:00,4.2,1555.75,695.0,21.488111149528635,1337.25,283.0,673.5,150.0,1852.25,1688.5,16.325000286102,28.799999713898,0.5305244760933587
2004-03-30,10:00:00,4.7,1564.75,735.0,20.981985953180125,1323.5,320.0,694.5,159.0,1872.0,1687.75,17.900000095367,28.249999523163,0.5740716589900348
2004-03-30,11:00:00,3.9,1428.5,649.0,18.381657068639182,1250.5,249.0,734.25,146.0,1754.25,1548.25,18.25,26.625,0.552903118043697
2004-03-30,12:00:00,3.7,1418.5,586.0,18.94778792993442,1266.75,219.0,742.25,138.0,1763.0,1490.25,20.800000190735,22.5,0.5463066881985376
2004-03-30,13:00:00,3.4,1373.25,546.0,17.10326171179337,1213.0,200.0,791.0,128.0,1710.5,1353.75,22.449999809265,19.950000286102,0.5351852806629579
2004-03-30,14:00:00,2.2,1185.25,245.0,10.373373792087863,991.5,138.0,941.75,97.0,1447.75,1013.5,20.900000095367,21.674999713898,0.5294825140210498
2004-03-30,15:00:00,1.9,1122.25,178.0,7.953131497568524,897.25,118.0,991.0,91.0,1371.75,831.25,19.075000286102,26.5,0.5790298140613147
2004-03-30,16:00:00,1.6,1084.5,130.0,6.166413663112407,819.5,99.0,1059.75,81.0,1325.0,698.75,18.124999523163,30.550000190735,0.6295234045510375
2004-03-30,17:00:00,2.1,1248.5,151.0,9.731187323395478,967.5,112.0,874.0,99.0,1526.5,925.5,17.275000095367,34.72500038147,0.6787764243010617
2004-03-30,18:00:00,2.2,1236.25,272.0,9.593046413094703,962.25,117.0,853.25,101.0,1531.5,928.0,15.849999666214,40.425000190735,0.7227924514151022
2004-03-30,19:00:00,2.7,1334.0,301.0,11.924863429687202,1047.0,129.0,814.75,106.0,1638.0,1038.0,15.924999952316,41.97500038147,0.754052803017719
2004-03-30,20:00:00,2.4,1263.5,237.0,8.706316634357416,927.75,132.0,884.25,102.0,1534.0,1034.5,15.875,43.5,0.7789963988414559
2004-03-30,21:00:00,1.3,1072.75,95.0,4.653947132964057,745.75,73.0,1071.5,84.0,1359.75,788.75,15.025000095367,46.14999961853,0.7833264781348421
2004-03-30,22:00:00,1.2,1052.5,68.0,3.830372555883701,701.25,68.0,1147.0,81.0,1323.25,692.25,15.050000190735,44.550000190735,0.7573651897974522
2004-03-30,23:00:00,1.5,1097.75,101.0,4.678062894272762,747.0,80.0,1094.0,91.0,1360.0,763.75,14.850000143051,43.500000953674,0.7302160576861134
2004-03-31,00:00:00,1.3,1028.75,81.0,3.8481259529430054,702.25,68.0,1180.0,82.0,1286.5,639.25,14.775000095367,41.0,0.6849883418385199
2004-03-31,01:00:00,1.0,972.5,50.0,2.676090587829464,631.25,44.0,1287.25,64.0,1239.75,540.75,14.750000238419,40.849999427795,0.6814022247302514
2004-03-31,02:00:00,0.9,972.0,66.0,2.787414370831833,638.5,47.0,1222.0,70.0,1256.25,677.75,14.825000047684,40.77499961853,0.6833899677975457
2004-03-31,03:00:00,0.5,832.25,22.0,0.9724494566891972,496.25,,1612.5,,1065.75,381.0,14.199999809265,36.14999961853,0.5823138414949435
2004-03-31,04:00:00,0.5,850.5,18.0,0.7901587664876446,477.0,15.0,1699.0,26.0,1064.25,343.0,14.525000095367,36.050000190735,0.592817291859612
2004-03-31,05:00:00,0.6,909.0,31.0,1.504175249891816,545.0,44.0,1472.75,58.0,1130.5,436.0,14.575000286102,36.049999237061,0.5947008519437857
2004-03-31,06:00:00,1.0,1037.5,57.0,3.5210984059647115,683.5,85.0,1219.75,93.0,1279.0,687.5,14.424999952316,38.5,0.6290996907149704
2004-03-31,07:00:00,3.1,1635.5,342.0,15.621359219570662,1168.0,207.0,720.5,110.0,1926.25,1437.75,13.775000095367,58.224999427795,0.9128551665206911
2004-03-31,08:00:00,4.1,1580.25,644.0,19.9493542369401,1295.0,230.0,639.25,115.0,1956.5,1488.75,13.224999904633,61.14999961853,0.9255988299860037
2004-03-31,09:00:00,2.2,1261.75,216.0,8.599625488406302,923.5,181.0,872.25,125.0,1575.5,1092.75,10.400000095367,74.424999237061,0.9384247168190674
2004-03-31,10:00:00,1.7,1196.5,117.0,6.540487668220774,836.5,144.0,956.75,118.0,1498.0,964.5,11.450000047684,70.97500038147,0.9582114790077059
2004-03-31,11:00:00,1.9,1276.75,156.0,7.682679548673003,886.0,140.0,901.5,109.0,1578.5,1003.75,12.200000047684,70.02499961853,0.9923662650839767
2004-03-31,12:00:00,2.9,1429.5,332.0,11.30587461136357,1025.25,204.0,779.0,123.0,1771.5,1165.75,12.275000095367,73.324998855591,1.0441698361334117
2004-03-31,13:00:00,2.2,1242.25,232.0,9.125830725364114,944.25,149.0,846.0,114.0,1638.25,990.75,11.25,78.124998092651,1.0411431251352763
2004-03-31,14:00:00,2.6,1348.5,295.0,11.235629201385404,1022.75,171.0,804.0,114.0,1748.0,1053.5,13.625,69.200000762939,1.074585128800994
2004-03-31,15:00:00,3.1,1389.75,386.0,13.484076653735869,1099.75,195.0,755.0,119.0,1798.75,1191.5,14.875000238419,59.324999809265,0.9974410039602601
2004-03-31,16:00:00,2.3,1223.5,278.0,10.050093703546924,979.5,152.0,850.25,111.0,1637.0,1054.5,15.675000190735,50.875,0.8996766723707865
2004-03-31,17:00:00,2.4,1252.5,263.0,11.319946086587374,1025.75,128.0,809.5,103.0,1681.0,1047.5,15.200000047684,52.949999809265,0.9087412043656885
2004-03-31,18:00:00,2.8,1312.0,322.0,11.752703849058946,1041.0,121.0,820.5,103.0,1711.5,1072.5,15.5,50.77499961853,0.8880646969354563
2004-03-31,19:00:00,2.7,1254.3333333333,226.0,11.524820242423965,1033.0,142.0,818.66666666667,107.0,1669.0,1068.3333333333,14.300000190735,52.93333307902,0.8581026323307125
2004-03-31,20:00:00,2.3,1198.0,221.0,9.345221010408595,952.75,131.0,881.5,105.0,1588.25,1018.5,13.174999713898,55.974999427795,0.8445584259611326
2004-03-31,21:00:00,1.5,1060.25,109.0,5.467274438558492,786.5,81.0,1044.0,91.0,1418.0,833.0,12.649999856949,57.0,0.8315308836353055
2004-03-31,22:00:00,1.4,1050.0,105.0,5.101134317941586,768.5,60.0,1078.25,79.0,1408.75,758.5,12.275000095367,57.750000953674,0.8223772243251011
2004-03-31,23:00:00,1.2,1029.25,84.0,4.804320198215755,753.5,57.0,1097.5,79.0,1395.25,749.0,11.974999904633,58.449999809265,0.8163871397638851
2004-04-01,00:00:00,1.6,1143.0,106.0,6.29188712636252,825.25,96.0,985.5,86.0,1477.25,978.25,11.950000047684,61.624999046326,0.8593442034755616
2004-04-01,01:00:00,1.2,1043.75,100.0,5.121191172765745,769.5,85.0,1031.25,70.0,1424.75,944.25,11.499999761581,63.875,0.865156190872878
2004-04-01,02:00:00,1.1,1034.0,71.0,4.086652431771937,715.5,50.0,1085.0,55.0,1405.0,891.25,10.674999952316,67.224998474121,0.8629879858643917
2004-04-01,03:00:00,0.9,956.25,72.0,4.045717310202204,713.25,,1098.5,,1421.5,848.75,8.974999666214,73.10000038147,0.839403459888452
2004-04-01,04:00:00,0.7,909.25,44.0,2.433637604423108,615.0,57.0,1237.0,49.0,1321.5,789.5,10.225000143051,66.574999809265,0.8298975601272053
2004-04-01,05:00:00,0.9,996.0,45.0,2.9401643453635233,648.25,64.0,1175.5,50.0,1339.75,852.0,10.950000047684,63.699998855591,0.8325141696783469
2004-04-01,06:00:00,1.7,1153.5,134.0,7.445634592498937,876.0,153.0,1001.5,67.0,1560.5,987.25,9.625,68.775001525879,0.8242643582344042
2004-04-01,07:00:00,4.2,1510.25,505.0,19.788341330849207,1290.5,342.0,675.25,94.0,1949.0,1434.5,9.5,69.60000038147,0.8273289711599782
2004-04-01,08:00:00,6.2,1721.5,1042.0,31.918570747839304,1595.25,378.0,538.75,119.0,2438.5,1797.75,11.875,60.925001144409,0.8454750128422129
2004-04-01,09:00:00,4.6,1511.5,737.0,20.97283131106031,1323.25,304.0,631.0,139.0,2001.0,1676.5,16.225000143051,48.575000762939,0.8892074859917042
2004-04-01,10:00:00,2.8,1258.25,375.0,11.716971682644164,1039.75,192.0,799.5,113.0,1700.75,1281.75,19.150000095367,39.599999427795,0.8692660766529969
2004-04-01,11:00:00,1.6,1093.75,124.0,6.832858302767715,849.5,130.0,970.25,88.0,1488.75,871.25,19.724999904633,38.449998855591,0.874323849183893
2004-04-01,12:00:00,1.7,1128.75,137.0,7.427984010652609,875.25,106.0,974.0,73.0,1523.75,759.25,20.60000038147,36.674999237061,0.8797143487757445
2004-04-01,13:00:00,1.7,1124.5,179.0,8.599625488406302,923.5,102.0,936.5,73.0,1541.5,789.5,21.849999427795,33.900001525879,0.8771400609158182
2004-04-01,14:00:00,1.7,,222.0,,,99.0,,72.0,,,,,
2004-04-01,15:00:00,1.9,,197.0,,,108.0,,81.0,,,,,
2004-04-01,16:00:00,2.3,,319.0,,,131.0,,93.0,,,,,
2004-04-01,17:00:00,3.3,1308.0,388.0,16.426573279185213,1192.6666666667,163.0,793.33333333333,106.0,1193.0,1187.3333333333,23.599999745687,27.533332824707,0.7912595105626807
2004-04-01,18:00:00,4.2,1528.5,589.0,21.248211015776175,1330.75,211.0,700.25,132.0,2028.25,1398.75,22.849999904633,32.074999809265,0.8813611484449144
2004-04-01,19:00:00,5.5,1592.25,840.0,25.00579678945213,1429.25,267.0,623.75,164.0,2089.0,1644.0,20.750000476837,36.674999237061,0.8877776025766839
2004-04-01,20:00:00,4.9,1535.75,655.0,20.20993301920428,1302.25,269.0,666.0,161.0,1921.75,1598.75,18.25,40.900000572205,0.8493422664548784
2004-04-01,21:00:00,2.5,1192.25,254.0,10.79738414281125,1007.0,154.0,827.0,124.0,1604.0,1223.25,16.775000095367,44.02499961853,0.834143825684035
2004-04-01,22:00:00,2.0,1186.0,188.0,9.943304590471374,975.5,127.0,844.0,113.0,1570.25,1200.0,15.825000047684,48.0,0.8568841329653735
2004-04-01,23:00:00,2.0,1202.75,120.0,8.518416854434964,920.25,122.0,897.75,103.0,1528.5,1117.75,14.899999856949,52.000000953674,0.8756691527781013
2004-04-02,00:00:00,2.0,1139.0,157.0,7.98342769496114,898.5,126.0,921.25,104.0,1514.25,1066.5,14.075000047684,54.449999809265,0.870146830575278
2004-04-02,01:00:00,1.3,1072.25,88.0,5.633465103186379,794.5,84.0,985.5,93.0,1441.75,1048.0,13.25,58.849999427795,0.8922118510101595
2004-04-02,02:00:00,1.0,954.25,68.0,3.2436181473100727,667.0,58.0,1179.5,60.0,1350.25,717.5,13.25,60.875000953674,0.9229124521532339
2004-04-02,03:00:00,0.9,951.25,57.0,3.335032082092045,672.5,,1137.0,,1380.75,796.5,11.774999856949,64.324999809265,0.8869040480731224
2004-04-02,04:00:00,,925.5,36.0,2.7719444496798484,637.5,37.0,1195.0,52.0,1342.25,748.5,11.224999904633,65.949998855591,0.8774658120923249
2004-04-02,05:00:00,0.7,968.0,51.0,2.630592414772159,628.25,56.0,1196.5,66.0,1371.5,736.75,11.275000095367,72.949998855591,0.9737569834389203
2004-04-02,06:00:00,1.1,1066.5,93.0,4.298612683193852,727.0,91.0,1054.75,82.0,1447.5,903.25,11.424999952316,71.75,0.9671055114540951
2004-04-02,07:00:00,2.6,1385.75,284.0,12.987594194106657,1083.25,159.0,797.5,109.0,1832.5,1159.0,11.924999952316,73.650001525879,1.0253719725163488
2004-04-02,08:00:00,3.9,1473.5,486.0,20.345280485597808,1306.0,190.0,633.5,114.0,2059.75,1365.25,12.625,70.175001144409,1.0220869736325955
2004-04-02,09:00:00,5.0,1569.0,798.0,20.717193269684454,1316.25,249.0,634.0,139.0,2054.0,1509.5,13.625,65.274997711182,1.01363498626609
2004-04-02,10:00:00,3.3,1374.5,524.0,15.896882599847913,1176.5,196.0,705.75,127.0,1897.75,1385.75,16.949999809265,52.27499961853,1.0013385620112398
2004-04-02,11:00:00,2.9,1327.5,468.0,14.189345912451454,1122.75,180.0,738.25,127.0,1821.0,1368.0,19.449999809265,44.074999809265,0.9854840777057463
2004-04-02,12:00:00,3.1,1340.75,454.0,15.888749669624614,1176.25,167.0,747.75,135.0,1824.5,1346.5,22.900000095367,33.825000286102,0.9322369653333065
2004-04-02,13:00:00,3.0,1296.5,461.0,16.092604901165874,1182.5,159.0,764.5,130.0,1773.0,1241.5,23.624999523163,31.275000095367,0.90012924887395
2004-04-02,14:00:00,2.7,1303.0,391.0,14.681118210237681,1138.5,152.0,790.25,126.0,1760.75,1138.0,24.72500038147,30.499999523163,0.9370989211895211
2004-04-02,15:00:00,2.7,1281.0,337.0,13.973076899581681,1115.75,149.0,808.75,121.0,1702.5,1079.5,26.125000476837,27.27499961853,0.9100515480473719
2004-04-02,16:00:00,2.6,1247.75,297.0,13.567594761904079,1102.5,143.0,871.5,122.0,1632.25,1002.0,27.574999809265,22.824999809265,0.8288101112400023
2004-04-02,17:00:00,3.7,1382.0,588.0,19.69913018617026,1288.0,185.0,777.75,138.0,1799.0,1212.25,26.875,22.349999904633,0.7791626660382895
2004-04-02,18:00:00,4.5,1491.25,721.0,23.29507783426013,1385.25,223.0,685.0,165.0,1915.25,1486.25,24.275000095367,30.124999523163,0.9012158825040008
2004-04-02,19:00:00,4.7,1619.75,710.0,24.143977510134107,1407.25,215.0,641.0,154.0,2051.75,1567.25,21.224999904633,40.050000190735,0.997832991603864
2004-04-02,20:00:00,5.5,1693.0,787.0,25.39185365635481,1439.0,271.0,617.75,168.0,2083.25,1722.5,19.425000190735,42.474999427795,0.9482539617221298
2004-04-02,21:00:00,3.0,1373.5,415.0,14.142883364271057,1121.25,180.0,770.75,146.0,1685.25,1399.25,18.499999523163,43.02499961853,0.907379859945666
2004-04-02,22:00:00,1.9,1287.25,245.0,10.123793161712667,982.25,115.0,841.25,124.0,1582.0,1290.5,17.77499961853,46.950000762939,0.9467088086263501
2004-04-02,23:00:00,2.3,1408.25,294.0,12.076377763385809,1052.25,149.0,761.0,124.0,1683.5,1442.5,16.799999713898,53.224999427795,1.0100328275036838
2004-04-03,00:00:00,1.6,1254.25,139.0,9.029748042099776,940.5,98.0,828.0,106.0,1566.25,1269.5,17.075000286102,51.75,0.9990409443791354
2004-04-03,01:00:00,1.3,1140.75,98.0,6.31930644980548,826.5,73.0,935.5,88.0,1488.25,1109.75,16.249999761581,54.174999237061,0.9932762128755723
2004-04-03,02:00:00,1.2,1140.75,88.0,5.277767706408433,777.25,69.0,986.0,83.0,1455.25,1059.75,15.050000190735,58.150000572205,0.9885698323576909
2004-04-03,03:00:00,0.9,1041.75,66.0,3.7597093215051665,697.25,,1055.75,,1410.0,964.75,15.050000190735,57.625,0.9796446436638756
2004-04-03,04:00:00,0.8,986.25,57.0,2.9878617985251053,651.25,60.0,1144.5,74.0,1380.25,891.0,14.450000047684,57.975001335144,0.9488310828175042
2004-04-03,05:00:00,0.8,1005.0,57.0,3.347581466611277,673.25,56.0,1103.0,64.0,1387.25,904.5,13.725000143051,61.625,0.9630834431490053
2004-04-03,06:00:00,0.9,1040.75,60.0,3.5082754249705093,682.75,73.0,1112.25,69.0,1397.5,898.75,13.874999761581,59.625,0.9407844330219806
2004-04-03,07:00:00,2.0,1271.75,200.0,9.501420645894049,958.75,159.0,845.5,91.0,1659.75,1136.25,13.325000047684,61.699999809265,0.9399213426499731
2004-04-03,08:00:00,3.0,1436.25,451.0,15.172041243505564,1154.0,203.0,704.0,96.0,1872.25,1390.75,15.050000190735,55.800000190735,0.9486190247860613
2004-04-03,09:00:00,3.1,1471.75,422.0,14.274695923974273,1125.5,211.0,719.5,106.0,1816.0,1460.0,16.974999904633,50.474999427795,0.9683685256436287
2004-04-03,10:00:00,,1418.25,,11.242645342095422,1023.0,,785.25,,1720.25,1410.0,19.700000286102,43.324999809265,0.9836708582588467
2004-04-03,11:00:00,,1410.0,,11.439854734855004,1030.0,,781.0,,1743.3333333333,1372.0,20.733333587646,41.733333587646,1.0091995844642
2004-04-03,12:00:00,,1437.5,,13.378099027683405,1096.25,,781.0,,1779.25,1266.25,23.27499961853,35.824999809265,1.0097647131220753
2004-04-03,13:00:00,,1278.25,,10.591313617363797,999.5,,866.25,,1621.25,1013.75,23.849999904633,30.5,0.8896703355162164
2004-04-03,14:00:00,,1256.5,,10.776700938510382,1006.25,,914.75,,1573.0,869.5,24.799999713898,26.974999904633,0.8324808872518769
2004-04-03,15:00:00,,1331.0,,11.896096062617145,1046.0,,882.25,,1634.75,904.5,24.974999904633,27.5,0.8575088654630384
2004-04-03,16:00:00,,1361.25,,13.537199103668305,1101.5,,834.0,,1703.5,991.25,25.800000190735,26.5,0.8674864019162629
2004-04-03,17:00:00,,1397.75,,15.227900098086305,1155.75,,812.25,,1721.75,1075.5,25.050000190735,27.125,0.8495709980317053
2004-04-03,18:00:00,,1483.25,,17.094871128341516,1212.75,,764.0,,1797.75,1249.0,23.724999904633,28.574999809265,0.8273367489697923
2004-04-03,19:00:00,,1696.5,,26.656299704449964,1470.5,,625.0,,2153.0,1547.75,22.125,36.800000190735,0.9680931756950951
2004-04-03,20:00:00,,1459.0,,14.235873413022327,1124.25,,736.25,,1823.0,1299.5,19.900000095367,47.47500038147,1.0911668759637907
2004-04-03,21:00:00,,1268.0,,8.462388030837701,918.0,,873.0,,1601.75,1028.75,18.724999427795,50.375,1.0772374696773235
2004-04-03,22:00:00,,1469.25,,14.336905671238044,1127.5,,761.75,,1869.75,1207.0,18.14999961853,51.300000190735,1.0587416860443934
2004-04-03,23:00:00,,1315.5,,9.325773709573658,952.0,,847.0,,1644.0,1046.75,17.474999904633,53.800000190735,1.0648069394535402
2004-04-04,00:00:00,,1224.25,,7.81440211126495,891.5,,884.0,,1579.75,923.25,16.675000190735,56.47500038147,1.0633681081972992
2004-04-04,01:00:00,,1215.25,,6.685991648003947,843.0,,928.5,,1550.75,861.5,15.924999713898,59.199999809265,1.0634883792804828
2004-04-04,02:00:00,,1114.5,,5.364484431415103,781.5,,979.75,,1500.25,752.0,15.225000143051,62.400000572205,1.0726166705724138
2004-04-04,03:00:00,,1123.5,,5.591718611940298,792.5,,965.0,,1520.75,790.5,14.650000095367,64.950001716614,1.0765597042898474
2004-04-04,04:00:00,,1027.5,,3.49973785390122,682.25,,1089.5,,1448.0,697.25,14.300000190735,65.349998474121,1.0593892817922181
2004-04-04,05:00:00,,1009.5,,2.9679480940224017,650.0,,1171.25,,1433.75,664.0,13.725000143051,66.499998092651,1.0392705417034094
2004-04-04,06:00:00,,1073.5,,4.378099661241634,731.25,,1019.75,,1487.75,890.75,12.924999952316,69.125,1.026383821799112
2004-04-04,07:00:00,,1034.0,,3.5253771645447527,683.75,,1110.25,,1423.25,812.5,13.725000143051,64.849999427795,1.0134841498926057
2004-04-04,08:00:00,,1129.5,,4.169049102505206,720.0,,1063.25,,1460.75,828.25,15.300000190735,58.950000762939,1.0181226932939889
2004-04-04,09:00:00,,1275.0,,8.013772987090615,899.75,,867.75,,1633.75,1057.0,18.125,49.849999427795,1.0272256002274776
2004-04-04,10:00:00,,1324.25,,8.978681321036397,938.5,,846.25,,1657.5,1010.75,21.474999904633,40.724999427795,1.0301259941879546
2004-04-04,11:00:00,,1267.5,,8.068518144132563,902.0,,906.0,,1588.75,931.75,23.275000095367,37.099999427795,1.045701927315371
2004-04-04,12:00:00,,1272.25,,8.599625488406302,923.5,,895.0,,1603.25,880.75,25.075000286102,33.775000572205,1.0594157300118796
2004-04-04,13:00:00,,1160.0,,7.072971925072816,860.0,,968.75,,1530.75,646.0,25.60000038147,32.125,1.039328576812488
2004-04-04,14:00:00,,1135.5,,5.576097817863698,791.75,,1057.25,,1476.0,535.75,25.750000476837,31.075000286102,1.0142658961368844
2004-04-04,15:00:00,,1296.0,,9.969956267880697,976.5,,863.0,,1642.25,745.5,26.099999904633,30.775000095367,1.0253276360924666
2004-04-04,16:00:00,,1345.25,,10.482102225022079,995.5,,840.75,,1677.75,833.25,24.39999961853,36.0,1.0849894566086522
2004-04-04,17:00:00,,1295.75,,10.130504493671385,982.5,,844.5,,1626.0,802.0,23.049999713898,36.150000572205,1.005305294788125
2004-04-04,18:00:00,,1257.5,,9.976623939037177,976.75,,838.25,,1635.75,837.75,22.099999904633,39.349999427795,1.0336180057655193
2004-04-04,19:00:00,,1420.25,,13.047350689863556,1085.25,,754.75,,1755.5,1050.5,19.849999904633,44.550000190735,1.0208121750751453
2004-04-04,20:00:00,,1365.75,,10.516178939470736,996.75,,829.5,,1672.5,1041.25,18.525000095367,48.875,1.0323460449876292
2004-04-04,21:00:00,,1113.25,,5.171480026065283,772.0,,989.0,,1492.5,646.25,16.550000190735,56.099999427795,1.0480810488266894
2004-04-04,22:00:00,,1195.75,,6.906801269418972,852.75,,909.0,,1556.0,768.75,15.774999856949,58.800000190735,1.0463871130708005
2004-04-04,23:00:00,,1188.0,,6.363283049313557,828.5,,929.5,,1539.75,785.25,15.300000190735,60.799999237061,1.0500739300147015
2004-04-05,00:00:00,,1101.5,,4.741012362478748,750.25,,1007.0,,1470.25,613.0,14.700000047684,64.449999809265,1.071663351627128
2004-04-05,01:00:00,,969.0,,2.3682384058786643,610.5,,1238.75,,1330.0,429.75,14.800000190735,63.25,1.0583944924073423
2004-04-05,02:00:00,,982.5,,2.2115838820803524,599.5,,1233.25,,1374.75,484.5,15.0,61.47500038147,1.041796757229814
2004-04-05,03:00:00,,876.0,,1.0554626452677138,504.5,,1456.0,,1294.25,467.25,15.5,56.949999809265,0.9960666607790993
2004-04-05,04:00:00,,884.0,,0.8995128466837359,488.75,,1536.25,,1277.75,436.25,16.000000238419,53.974999427795,0.9742044429172185
2004-04-05,05:00:00,,1023.5,,3.0923265348316855,657.75,,1175.0,,1417.0,681.75,13.450000047684,63.875,0.9808656817540381
2004-04-05,06:00:00,,1126.25,,6.209934373120795,821.5,,945.0,,1541.25,927.25,12.925000190735,65.25,0.9688469496852634
2004-04-05,07:00:00,,1414.75,,13.15970915927741,1089.0,,767.0,,1795.0,1191.75,13.424999952316,62.500001907349,0.9582182574564756
2004-04-05,08:00:00,,1630.5,,25.79042581636944,1449.0,,569.75,,2298.5,1614.5,14.475000143051,58.75,0.963042117558981
2004-04-05,09:00:00,,1498.5,,18.243425902063347,1246.5,,646.5,,1971.75,1504.5,15.275000095367,56.675000190735,0.9772878473857106
2004-04-05,10:00:00,3.1,1460.75,424.0,14.305786381113023,1126.5,236.0,702.5,124.0,1836.25,1450.75,15.550000190735,57.424999237061,1.0075441570496249
2004-04-05,11:00:00,3.0,1429.75,339.0,13.704734690088378,1107.0,228.0,713.25,121.0,1852.75,1409.25,16.64999961853,55.224999427795,1.0382077156536984
2004-04-05,12:00:00,3.2,1498.25,445.0,15.702182283122928,1170.5,206.0,683.5,114.0,1941.5,1433.75,17.0,54.300000190735,1.043377570861781
2004-04-05,13:00:00,3.1,1453.5,535.0,15.420080106108864,1161.75,188.0,681.5,114.0,1915.25,1457.0,18.02499961853,51.52499961853,1.0551873820329405
2004-04-05,14:00:00,2.5,1402.25,278.0,12.55786319242134,1068.75,158.0,732.5,106.0,1792.5,1324.75,19.5,47.5,1.0653261891204455
2004-04-05,15:00:00,2.1,1327.0,256.0,9.817124758804077,970.75,124.0,803.25,89.0,1704.75,1120.0,21.575000286102,41.675000190735,1.060550430859653
2004-04-05,16:00:00,2.0,1273.0,245.0,9.612729263697018,963.0,98.0,832.0,82.0,1662.0,931.0,22.175000667572,38.299999237061,1.0105918398252391
2004-04-05,17:00:00,3.2,1456.75,458.0,16.33046358954291,1189.75,160.0,677.75,111.0,1876.5,1212.0,20.275000572205,42.75,1.0053293261816674
2004-04-05,18:00:00,4.1,1542.75,710.0,19.761559943817087,1289.75,194.0,631.0,132.0,2011.0,1353.25,19.72500038147,45.35000038147,1.0312246874299091
2004-04-05,19:00:00,3.9,1499.25,678.0,17.99401672262385,1239.25,174.0,650.75,121.0,1956.5,1358.75,18.800000190735,47.47500038147,1.0199260904465013
2004-04-05,20:00:00,3.1,1378.25,436.0,13.559993122694275,1102.25,157.0,742.25,116.0,1795.75,1272.75,17.924999713898,49.449999809265,1.0064378607173432
2004-04-05,21:00:00,2.0,1242.5,178.0,8.706316634357416,927.75,109.0,851.75,100.0,1622.0,1078.75,17.5,50.89999961853,1.0089772355664224
2004-04-05,22:00:00,1.7,1195.5,160.0,7.664791387485363,885.25,85.0,883.75,89.0,1588.75,972.5,17.424999713898,51.849999427795,1.0230268132897535
2004-04-05,23:00:00,1.6,1137.25,177.0,7.287422947152213,869.25,90.0,889.75,92.0,1553.75,951.25,17.02499961853,53.85000038147,1.0363455080563233
2004-04-06,00:00:00,1.0,1015.25,101.0,4.1231866000360915,717.5,61.0,1065.25,71.0,1427.75,714.25,16.625,55.449999809265,1.0408092259029822
2004-04-06,01:00:00,0.8,977.5,66.0,2.729591596001178,634.75,36.0,1187.5,51.0,1381.75,579.0,15.900000333786,57.0,1.0223592859459796
2004-04-06,02:00:00,0.5,933.33333333333,40.0,1.5320666279847972,547.33333333333,25.0,1357.3333333333,39.0,1336.0,542.33333333333,15.033333142598,59.233333587646,1.0059262147828834
2004-04-06,03:00:00,0.5,926.5,54.0,1.9352447455465327,579.25,,1267.25,,1370.0,561.5,14.450000047684,61.35000038147,1.0040670280677946
2004-04-06,04:00:00,0.5,907.75,39.0,1.7981883753610237,568.75,24.0,1303.0,35.0,1360.25,525.75,14.125000238419,61.64999961853,0.9883477311012104
2004-04-06,05:00:00,0.8,979.5,62.0,3.402194127528105,676.5,73.0,1141.0,64.0,1434.5,659.0,14.599999904633,58.77499961853,0.971123799374813
2004-04-06,06:00:00,1.7,1236.25,120.0,8.499723066346661,919.5,164.0,879.75,94.0,1641.0,1011.75,14.375,58.89999961853,0.9593893500490737
2004-04-06,07:00:00,4.5,1664.0,599.0,24.13425822251112,1407.0,329.0,594.25,134.0,2198.0,1563.75,15.299999952316,55.224999427795,0.9537883559086512
2004-04-06,08:00:00,6.2,1757.25,1084.0,33.7131921813212,1635.75,302.0,493.75,129.0,2560.0,1806.0,16.175000190735,52.47500038147,0.9575924601680932
2004-04-06,09:00:00,4.4,1524.0,776.0,21.971351482758013,1350.25,256.0,588.0,125.0,2096.0,1603.75,18.449999809265,46.299999237061,0.9734382393846187
2004-04-06,10:00:00,2.9,1329.25,470.0,14.057870825978647,1118.5,182.0,707.0,107.0,1823.25,1288.25,19.575000286102,41.750000953674,0.9406805877414648
2004-04-06,11:00:00,1.6,1166.5,169.0,7.623121501642551,883.5,105.0,881.0,78.0,1580.0,931.25,20.150000095367,40.14999961853,0.9370122132555601
2004-04-06,12:00:00,2.6,1368.75,304.0,14.469484108022469,1131.75,136.0,715.0,91.0,1818.25,1161.5,20.874999523163,36.64999961853,0.8939372165648346
2004-04-06,13:00:00,2.9,1283.5,405.0,13.582803488725443,1103.0,167.0,755.25,116.0,1704.0,1064.25,20.400000572205,34.724999427795,0.82285662608937
2004-04-06,14:00:00,2.5,1221.25,297.0,11.496468626062793,1032.0,166.0,811.25,131.0,1629.5,912.5,19.25,35.375000953674,0.781308262789888
2004-04-06,15:00:00,1.9,1096.0,220.0,9.203008830704247,947.25,115.0,871.5,113.0,1518.75,683.5,18.575000286102,36.949998855591,0.7828762567069473
2004-04-06,16:00:00,1.9,1143.0,226.0,10.278633174525405,988.0,109.0,849.25,98.0,1589.75,710.0,18.775000095367,36.75,0.7883009974016415
2004-04-06,17:00:00,2.7,1251.25,456.0,13.96537920780899,1115.5,143.0,759.5,116.0,1716.25,922.5,17.549999713898,40.574999809265,0.8068108689475354
2004-04-06,18:00:00,3.0,1267.5,470.0,14.96533229143403,1147.5,159.0,727.75,120.0,1775.75,1005.5,16.849999904633,44.275000572205,0.8428194790443849
2004-04-06,19:00:00,3.3,1314.0,503.0,15.052638534591573,1150.25,181.0,725.75,126.0,1783.5,1083.0,16.25,47.699999809265,0.8745597884676989
2004-04-06,20:00:00,3.2,1314.75,459.0,14.799258378177408,1142.25,178.0,724.0,126.0,1807.25,1160.75,15.649999856949,50.675000190735,0.8947304855010257
2004-04-06,21:00:00,1.8,1094.5,227.0,8.468605670477224,918.25,91.0,895.75,90.0,1527.25,799.5,15.724999904633,49.425000190735,0.8767897403209677
2004-04-06,22:00:00,1.3,1026.5,152.0,5.90803588370757,807.5,76.0,996.25,81.0,1457.75,647.0,15.775000333786,48.625,0.8653158968416734
2004-04-06,23:00:00,1.1,1011.75,94.0,4.765319158079068,751.5,66.0,1053.25,74.0,1392.5,649.0,15.699999809265,47.0,0.832459893714118
2004-04-07,00:00:00,0.9,947.75,93.0,3.9868992729385573,710.0,56.0,1127.25,67.0,1352.0,575.0,15.700000047684,45.85000038147,0.812091213130173
2004-04-07,01:00:00,0.7,888.5,49.0,2.264475119028675,603.25,35.0,1307.5,46.0,1271.0,455.25,15.625,44.924999237061,0.7919593443161665
2004-04-07,02:00:00,0.4,830.0,30.0,1.4218161094645745,538.0,21.0,1475.25,30.0,1213.5,391.75,15.625000238419,44.400000572205,0.7827044288458469
2004-04-07,03:00:00,0.3,800.5,30.0,0.672056530286279,463.5,,1749.0,,1154.0,340.0,16.125000238419,42.424999237061,0.771769502587721
2004-04-07,04:00:00,0.3,804.25,30.0,0.7126810127135328,468.25,12.0,1826.25,19.0,1166.25,319.5,15.725000143051,45.449999809265,0.8062740308440627
2004-04-07,05:00:00,0.3,823.5,32.0,0.796957826375638,477.75,22.0,1704.75,32.0,1200.0,331.0,15.25,50.050000190735,0.8616871134203429
2004-04-07,06:00:00,0.8,999.75,59.0,3.5941382910062885,687.75,55.0,1257.0,61.0,1398.0,425.75,14.200000047684,58.625000953674,0.9443471754045215
2004-04-07,07:00:00,2.8,1306.5,277.0,12.935403223060518,1081.5,152.0,776.75,111.0,1768.75,830.25,14.299999713898,58.175000190735,0.9430753059157301
2004-04-07,08:00:00,3.1,1286.25,454.0,15.718368230168373,1171.0,153.0,715.5,102.0,1821.0,1005.5,15.000000238419,52.02499961853,0.881650693427237
2004-04-07,09:00:00,2.3,1149.75,211.0,8.624678823055866,924.5,152.0,865.25,116.0,1576.25,819.75,13.600000143051,61.400000572205,0.9519403600439107
2004-04-07,10:00:00,1.6,1086.5,196.0,7.439749080835974,875.75,112.0,910.5,96.0,1553.75,737.0,16.149999856949,53.10000038147,0.9674791000562221
2004-04-07,11:00:00,1.5,1016.0,110.0,6.596289193627687,839.0,119.0,991.25,97.0,1447.5,789.5,16.574999809265,44.324999809265,0.8293924036898435
2004-04-07,12:00:00,1.6,1028.5,164.0,7.83243820672786,892.25,122.0,937.25,110.0,1473.5,759.5,17.375,40.27499961853,0.7921784402842258
2004-04-07,13:00:00,1.8,1108.75,151.0,9.100166288289229,943.25,115.0,883.0,103.0,1604.0,767.0,18.074999332428,42.249999046326,0.8679267143018373
2004-04-07,14:00:00,1.4,996.5,112.0,6.11219638745319,817.0,84.0,1030.25,79.0,1426.0,626.25,14.375,51.77499961853,0.8433341859850463
2004-04-07,15:00:00,1.9,1177.0,117.0,7.528239978446694,879.5,146.0,926.75,104.0,1551.75,775.5,10.900000095367,76.39999961853,0.9952506258732835
2004-04-07,16:00:00,1.2,1044.75,120.0,5.918707400673933,808.0,65.0,1037.75,69.0,1420.75,588.75,16.400000333786,47.650000572205,0.881894433113482
2004-04-07,17:00:00,2.3,1171.0,251.0,12.683180009517667,1073.0,120.0,846.5,96.0,1623.0,872.0,18.025000095367,37.099999427795,0.7597758896786423
2004-04-07,18:00:00,3.3,1220.5,435.0,13.50683251398055,1100.5,185.0,799.25,121.0,1700.0,996.25,14.699999809265,48.650000572205,0.808943708864829
2004-04-07,19:00:00,3.1,1261.75,345.0,14.500754620232733,1132.75,157.0,774.25,129.0,1747.5,1033.0,11.275000095367,71.27499961853,0.9513986252493367
2004-04-07,20:00:00,3.3,1206.5,343.0,10.956516647621989,1012.75,174.0,875.75,116.0,1632.0,981.75,10.0,73.97500038147,0.9086627980010701
2004-04-07,21:00:00,1.2,955.75,62.0,3.222993460672848,665.75,62.0,1234.75,71.0,1282.0,517.75,9.8000001907349,71.774997711182,0.870156759430939
2004-04-07,22:00:00,1.3,1020.25,70.0,4.293956324258487,726.75,81.0,1152.75,85.0,1390.75,630.5,9.25,75.224998474121,0.8796053386536202
2004-04-07,23:00:00,1.9,1107.25,114.0,7.084494010841125,860.5,118.0,956.75,101.0,1509.75,878.75,9.6000001430511,75.950000762939,0.9087628546117394
2004-04-08,00:00:00,1.4,1019.5,88.0,4.765319158079068,751.5,95.0,1073.5,97.0,1397.75,838.75,9.2999997138977,74.999998092651,0.8798661088548587
2004-04-08,01:00:00,1.5,1051.25,95.0,5.696332871686994,797.5,84.0,1015.5,89.0,1455.0,876.25,9.0,76.72500038147,0.8824834738889057
2004-04-08,02:00:00,1.1,965.0,83.0,4.09121162052864,715.75,56.0,1086.75,72.0,1383.25,826.5,8.1750000715256,79.625,0.8671896523617082
2004-04-08,03:00:00,0.8,890.0,63.0,3.3225027974574513,671.75,,1183.0,,1337.5,781.25,7.5750000476837,80.625,0.8437363858319101
2004-04-08,04:00:00,,822.5,38.0,1.7853596906499465,567.75,43.0,1366.0,57.0,1262.75,698.75,8.3000000715256,75.599998474121,0.8302082393730764
2004-04-08,05:00:00,0.8,869.0,68.0,2.837944850489492,641.75,69.0,1290.75,62.0,1287.5,723.25,8.0750000476837,72.074998855591,0.7797699428120062
2004-04-08,06:00:00,1.1,938.75,59.0,4.809204855249734,753.75,74.0,1168.75,64.0,1383.75,797.25,8.0500001907349,70.449998855591,0.7609249456791303
2004-04-08,07:00:00,2.6,1274.25,226.0,13.765874424449917,1109.0,161.0,820.25,80.0,1723.0,1137.75,8.0750000476837,70.500001907349,0.7627302577650394
2004-04-08,08:00:00,5.1,1511.5,802.0,27.104010975786125,1481.5,308.0,596.25,118.0,2189.0,1605.25,9.9249999523163,64.299999237061,0.7859494810715075
2004-04-08,09:00:00,4.2,1435.25,585.0,19.07947207943386,1270.5,300.0,675.5,130.0,1885.25,1568.75,13.0,54.224999427795,0.8090284146502021
2004-04-08,10:00:00,2.6,1207.25,324.0,11.745553705068062,1040.75,189.0,813.25,113.0,1619.5,1319.0,16.475000143051,42.550000190735,0.7912121407022052
2004-04-08,11:00:00,2.4,1222.5,308.0,12.727536081823898,1074.5,164.0,818.25,112.0,1677.75,1197.5,19.300000190735,34.150000095367,0.7565718712142413
2004-04-08,12:00:00,2.1,1120.5,238.0,11.319946086587374,1025.75,122.0,864.75,96.0,1541.0,958.25,21.500000476837,27.39999961853,0.6941232789104222
2004-04-08,13:00:00,2.6,1176.25,301.0,14.189345912451454,1122.75,166.0,816.0,125.0,1609.0,1067.75,20.375,26.724999904633,0.6323214406009123
2004-04-08,14:00:00,2.8,1144.0,294.0,13.903862790799815,1113.5,181.0,844.75,128.0,1550.75,1009.5,20.64999961853,22.574999809265,0.5431509987824682
2004-04-08,15:00:00,2.5,1136.0,353.0,13.15970915927741,1089.0,127.0,855.5,101.0,1551.5,928.0,20.550000667572,24.800000190735,0.5930639403151151
2004-04-08,16:00:00,1.9,1084.75,209.0,10.721628410296905,1004.25,106.0,887.5,95.0,1453.75,815.5,21.025000095367,25.449999809265,0.6264348891674623
2004-04-08,17:00:00,3.6,1297.3333333333,538.0,19.663493856394243,1287.0,192.0,722.66666666667,138.0,1798.0,1216.3333333333,21.46666653951,24.53333346049,0.6202501379321717
2004-04-08,18:00:00,4.6,1407.75,808.0,23.998363424730808,1403.5,241.0,646.25,154.0,1972.25,1462.5,19.324999809265,28.64999961853,0.6356977585878124
2004-04-08,19:00:00,6.3,1617.75,974.0,29.11577111117782,1530.0,326.0,579.0,171.0,2166.5,1791.0,18.0,32.949999809265,0.6737433030374539
2004-04-08,20:00:00,4.3,1318.5,544.0,15.750761449955471,1172.0,232.0,745.75,136.0,1699.0,1425.0,15.825000047684,39.75,0.7096071726119499
2004-04-08,21:00:00,1.6,1045.0,138.0,7.009743443406673,857.25,92.0,967.5,93.0,1410.25,922.25,15.349999904633,41.52499961853,0.7194427481476037
2004-04-08,22:00:00,1.4,1058.0,92.0,6.271811937209442,824.33333333333,95.0,993.0,99.0,1411.0,971.33333333333,14.100000063578,46.0,0.736280952343723
2004-04-08,23:00:00,2.0,,137.0,,,129.0,,106.0,,,,,
2004-04-09,00:00:00,2.4,,189.0,,,154.0,,109.0,,,,,
2004-04-09,01:00:00,1.8,,159.0,,,118.0,,97.0,,,,,
2004-04-09,02:00:00,1.0,,80.0,,,69.0,,83.0,,,,,
2004-04-09,03:00:00,1.0,,66.0,,,,,,,,,,
2004-04-09,04:00:00,1.0,,87.0,,,97.0,,79.0,,,,,
2004-04-09,05:00:00,0.9,,79.0,,,145.0,,84.0,,,,,
2004-04-09,06:00:00,1.5,,150.0,,,169.0,,86.0,,,,,
2004-04-09,07:00:00,2.6,,196.0,,,250.0,,111.0,,,,,
2004-04-09,08:00:00,2.9,,299.0,,,215.0,,117.0,,,,,
2004-04-09,09:00:00,2.7,,254.0,,,237.0,,122.0,,,,,
2004-04-09,10:00:00,2.4,,226.0,,,190.0,,119.0,,,,,
2004-04-09,11:00:00,2.6,,262.0,,,219.0,,121.0,,,,,
2004-04-09,12:00:00,4.1,,505.0,,,294.0,,127.0,,,,,
2004-04-09,13:00:00,4.3,,512.0,,,253.0,,135.0,,,,,
2004-04-09,14:00:00,2.2,,159.0,,,176.0,,119.0,,,,,
2004-04-09,15:00:00,3.4,,337.0,,,243.0,,137.0,,,,,
2004-04-09,16:00:00,3.6,,357.0,,,214.0,,139.0,,,,,
2004-04-09,17:00:00,2.5,,194.0,,,141.0,,117.0,,,,,
2004-04-09,18:00:00,2.8,,278.0,,,166.0,,127.0,,,,,
2004-04-09,19:00:00,3.4,,303.0,,,197.0,,137.0,,,,,
2004-04-09,20:00:00,3.0,,234.0,,,191.0,,127.0,,,,,
2004-04-09,21:00:00,2.1,,128.0,,,159.0,,107.0,,,,,
2004-04-09,22:00:00,2.4,,160.0,,,175.0,,102.0,,,,,
2004-04-09,23:00:00,2.3,1176.0,169.0,8.437536944416262,917.0,157.0,866.0,95.0,1559.5,1151.25,12.049999952316,67.85000038147,0.9522807682663211
2004-04-10,00:00:00,1.3,1046.5,77.0,5.395234084738762,783.0,83.0,1013.75,79.0,1449.0,975.0,11.950000047684,66.949999809265,0.9335999212840861
2004-04-10,01:00:00,1.7,1115.75,98.0,6.923913198243088,853.5,118.0,929.0,78.0,1532.75,1033.75,11.524999856949,70.050001144409,0.9503320915564459
2004-04-10,02:00:00,1.7,1074.25,102.0,6.440554720612328,832.0,101.0,951.25,75.0,1506.5,979.75,11.39999961853,69.77499961853,0.9389612125097411
2004-04-10,03:00:00,1.0,922.0,65.0,3.585512193579881,687.25,,1142.0,,1390.25,824.75,11.074999809265,69.27499961853,0.9127657350243693
2004-04-10,04:00:00,0.8,898.25,69.0,3.2808838245676193,669.25,46.0,1163.0,52.0,1386.25,806.5,10.800000190735,70.25,0.9091964358754486
2004-04-10,05:00:00,1.0,970.25,89.0,3.9508862355878556,708.0,81.0,1120.5,55.0,1435.25,841.5,10.200000286102,73.35000038147,0.9128582080413086
2004-04-10,06:00:00,1.4,1072.5,134.0,6.004374886921272,812.0,112.0,987.75,65.0,1500.25,950.0,10.825000047684,70.525001525879,0.9142429296932489
2004-04-10,07:00:00,1.7,1081.25,157.0,8.166234911142775,906.0,150.0,894.5,72.0,1591.0,1023.5,10.950000047684,71.0,0.9279200488082053
2004-04-10,08:00:00,2.0,1158.5,167.0,9.949964658366447,975.75,138.0,837.25,76.0,1662.75,1097.5,12.424999952316,64.02499961853,0.9205889283030111
2004-04-10,09:00:00,2.0,1112.0,157.0,8.775650731240786,930.5,124.0,868.75,84.0,1587.75,1011.25,14.97500038147,53.14999961853,0.8992925111862892
2004-04-10,10:00:00,1.9,1111.75,172.0,8.437536944416262,917.0,124.0,897.25,90.0,1542.0,931.25,16.574999809265,44.425000190735,0.8312635724910663
2004-04-10,11:00:00,2.1,1062.5,114.0,7.463303030999023,876.75,115.0,970.5,89.0,1480.75,811.0,18.000000476837,38.449998855591,0.7862042532916028
2004-04-10,12:00:00,1.8,1032.0,166.0,7.826424205287786,892.0,101.0,972.75,87.0,1457.0,755.5,20.625000476837,30.02499961853,0.7212989069933119
2004-04-10,13:00:00,1.5,936.0,94.0,6.368789264357057,828.75,90.0,1053.5,88.0,1335.75,606.5,19.89999961853,26.699999809265,0.6136736028755
2004-04-10,14:00:00,1.3,882.5,108.0,5.056129143379375,766.25,90.0,1152.0,81.0,1238.25,497.75,19.799999713898,23.125,0.5282644102460846
2004-04-10,15:00:00,1.4,941.5,98.0,6.884013451636693,851.75,89.0,1055.0,89.0,1318.25,539.5,21.39999961853,22.72500038147,0.5722188319835871
2004-04-10,16:00:00,1.5,942.75,132.0,6.838534174113407,849.75,92.0,1083.5,91.0,1295.5,544.25,22.14999961853,21.275000095367,0.5605221603396696
2004-04-10,17:00:00,1.7,1007.0,144.0,7.4103512917057,874.5,103.0,1027.25,104.0,1357.0,619.75,21.050000190735,24.5,0.603966751645892
2004-04-10,18:00:00,2.0,1037.25,165.0,8.674878673990467,926.5,122.0,949.0,111.0,1425.5,739.5,18.25,31.599999427795,0.6562155197673951
2004-04-10,19:00:00,2.5,1126.5,210.0,11.207583313862159,1021.75,159.0,871.25,129.0,1533.5,921.25,16.125000238419,35.025000572205,0.6371532765080584
2004-04-10,20:00:00,2.4,1123.0,277.0,10.502542595459966,996.25,172.0,861.0,133.0,1550.75,1033.25,14.775000095367,41.474999427795,0.6929241728243624
2004-04-10,21:00:00,2.0,1110.0,168.0,8.227562389390469,908.5,125.0,916.0,115.0,1487.0,984.25,13.150000095367,50.300000190735,0.757718778618473
2004-04-10,22:00:00,2.9,1247.25,248.0,11.638524261032968,1037.0,187.0,811.5,125.0,1618.0,1192.75,12.299999713898,55.5,0.7916110940672102
2004-04-10,23:00:00,2.5,1219.75,235.0,9.711401368340608,966.75,174.0,843.5,117.0,1545.0,1218.5,11.824999809265,56.625,0.7832663973783106
2004-04-11,00:00:00,1.4,1028.25,84.0,5.126210628605008,769.75,75.0,1046.5,84.0,1326.0,912.75,11.200000047684,56.22500038147,0.7468609589845411
2004-04-11,01:00:00,1.2,977.75,75.0,3.9959242929204266,710.5,48.0,1143.75,63.0,1304.0,750.25,11.0,56.574999809265,0.7418043568213769
2004-04-11,02:00:00,1.0,949.0,62.0,3.7027089847837953,694.0,61.0,1159.75,68.0,1309.5,771.75,9.2750000953674,64.300001144409,0.7530981034777341
2004-04-11,03:00:00,1.0,909.5,66.0,3.959876432723153,708.5,,1161.5,,1329.25,712.25,8.8250000476837,65.975001335144,0.750122765388411
2004-04-11,04:00:00,,863.0,49.0,2.9798895042342073,650.75,38.0,1224.0,52.0,1285.5,712.0,7.7750000953674,70.375001907349,0.7463448898351781
2004-04-11,05:00:00,0.7,836.25,38.0,2.857482624257634,643.0,38.0,1244.25,49.0,1306.0,727.0,7.7000000476837,70.72500038147,0.7463216366965916
2004-04-11,06:00:00,0.8,856.25,44.0,2.87315397168927,644.0,41.0,1259.0,49.0,1301.0,746.25,7.4000000953674,71.02499961853,0.7346499326529891
2004-04-11,07:00:00,0.9,887.5,60.0,2.9878617985251053,651.25,51.0,1240.25,52.0,1298.25,733.25,8.2250002622604,66.64999961853,0.7282918112538123
2004-04-11,08:00:00,1.1,912.0,88.0,3.7027089847837953,694.0,61.0,1196.3333333333,58.0,1342.6666666667,727.0,8.733333269755,64.300000508626,0.7266639335560638
2004-04-11,09:00:00,1.0,937.5,70.0,3.9194891796262517,706.25,47.0,1176.75,51.0,1319.5,641.5,12.950000047684,47.85000038147,0.711628356117237
2004-04-11,10:00:00,1.6,1052.5,94.0,6.248121985691788,823.25,87.0,1040.0,77.0,1385.5,810.25,17.424999952316,35.424999237061,0.6989532308124434
2004-04-11,11:00:00,1.8,1086.75,126.0,7.310770263939386,870.25,107.0,1013.5,90.0,1411.5,850.5,20.200000286102,29.175000190735,0.6829610295766556
2004-04-11,12:00:00,2.6,1153.0,181.0,9.151525969960906,945.25,161.0,968.75,118.0,1424.5,911.25,22.650000095367,22.924999713898,0.622425129892252
2004-04-11,13:00:00,1.1,893.75,66.0,3.982390025773332,709.75,61.0,1209.0,70.0,1200.25,611.25,22.300000190735,22.400000095367,0.5955143878428677
2004-04-11,14:00:00,0.6,796.5,54.0,2.3000316105315717,605.75,26.0,1452.25,35.0,1075.75,367.5,22.150000095367,18.949999809265,0.499266514167915
2004-04-11,15:00:00,0.9,854.0,48.0,3.096374945960142,658.0,42.0,1408.5,46.0,1107.75,368.5,22.049999713898,18.97500038147,0.496922650130175
2004-04-11,16:00:00,1.0,891.75,66.0,3.214759295216265,665.25,55.0,1347.5,58.0,1150.0,393.75,21.0,23.550000190735,0.5787888610744366
2004-04-11,17:00:00,1.2,935.25,65.0,3.3225027974574513,671.75,65.0,1298.75,61.0,1182.75,414.5,19.574999809265,27.35000038147,0.6162302537497344
2004-04-11,18:00:00,1.4,989.25,68.0,3.9733780589080423,709.25,75.0,1224.75,80.0,1232.75,469.0,17.924999237061,30.75,0.6258435474570397
2004-04-11,19:00:00,2.0,1062.75,118.0,5.675343902036482,796.5,93.0,1078.75,93.0,1284.5,607.25,16.375,35.349999427795,0.6532252461656287
2004-04-11,20:00:00,1.1,922.0,65.0,3.3559588840673533,673.75,63.0,1219.75,78.0,1205.0,498.0,15.550000190735,37.47500038147,0.657513594626475
2004-04-11,21:00:00,1.1,925.25,63.0,3.45293985090343,679.5,60.0,1222.5,76.0,1217.25,481.0,15.525000095367,36.749999046326,0.6437782135031566
2004-04-11,22:00:00,1.1,924.25,61.0,2.9401643453635233,648.25,63.0,1271.5,74.0,1186.25,464.5,14.549999952316,39.025000572205,0.6427578918712219
2004-04-11,23:00:00,1.1,913.5,63.0,3.145131870638927,661.0,66.0,1256.25,81.0,1186.75,478.0,14.224999904633,38.200000762939,0.616314892823216
2004-04-12,00:00:00,0.7,839.75,31.0,1.6375687065620157,556.0,41.0,1473.75,58.0,1094.0,366.25,13.650000095367,38.299999237061,0.595698819613484
2004-04-12,01:00:00,0.6,799.25,29.0,1.149307713853833,513.5,42.0,1614.75,59.0,1036.25,332.25,14.099999904633,34.0,0.5442076549227642
2004-04-12,02:00:00,0.7,855.5,34.0,1.9518462020878005,580.5,36.0,1447.5,54.0,1110.5,346.25,14.575000047684,33.974999427795,0.5604704917205382
2004-04-12,03:00:00,0.6,829.5,34.0,1.681021836007109,559.5,,1451.75,,1066.0,349.5,14.424999713898,32.824999809265,0.5363687510412755
2004-04-12,04:00:00,0.3,752.5,9.0,0.6573464798615279,461.75,16.0,1821.5,25.0,955.0,274.0,13.875,30.85000038147,0.48676227352119056
2004-04-12,05:00:00,0.3,784.5,14.0,0.5427813338961612,447.5,16.0,1923.25,26.0,1003.0,263.0,13.524999856949,37.925000190735,0.5851754876606478
2004-04-12,06:00:00,0.4,834.75,23.0,0.7432629495090571,471.75,33.0,1755.5,49.0,1116.75,314.25,13.874999761581,43.550000190735,0.6871473750532121
2004-04-12,07:00:00,0.5,865.0,36.0,0.9454247256167749,493.5,39.0,1613.0,53.0,1184.75,367.0,13.474999666214,50.099999427795,0.7705670405847741
2004-04-12,08:00:00,0.6,922.25,39.0,1.4568707533676883,541.0,45.0,1452.75,57.0,1246.25,431.75,13.324999809265,53.625,0.8169089365712796
2004-04-12,09:00:00,0.8,974.5,38.0,2.190576760964729,598.0,63.0,1267.5,73.0,1292.75,536.0,13.400000095367,56.025000572205,0.8575746802941473
2004-04-12,10:00:00,1.0,1040.25,55.0,2.900666704377631,645.75,71.0,1209.5,78.0,1325.25,554.5,12.950000286102,59.575000762939,0.8860033473170625
2004-04-12,11:00:00,1.3,1114.5,75.0,3.928448868489377,706.75,104.0,1105.0,93.0,1384.25,677.25,12.700000047684,62.674998283386,0.917262655105977
2004-04-12,12:00:00,1.1,1004.25,64.0,2.818464253455941,640.5,85.0,1201.25,71.0,1304.75,557.25,12.075000047684,60.500000953674,0.8504944223495169
2004-04-12,13:00:00,0.6,894.75,39.0,1.4015358776186697,536.25,53.0,1414.5,56.0,1228.5,420.75,11.174999952316,64.375000953674,0.8537334295732678
2004-04-12,14:00:00,0.7,917.0,42.0,1.7218047897796958,562.75,58.0,1414.5,60.0,1257.0,422.75,10.725000143051,67.575000762939,0.8703127854106188
2004-04-12,15:00:00,1.2,1025.0,78.0,3.6114169887481182,688.75,89.0,1188.5,77.0,1324.75,519.0,11.399999856949,61.200000762939,0.8235675832997265
2004-04-12,16:00:00,1.4,1035.25,69.0,3.12477702038371,659.75,96.0,1221.75,82.0,1301.25,532.5,9.8500001430511,70.549999237061,0.8581149025878066
2004-04-12,17:00:00,1.2,1024.5,67.0,3.4912091528870413,681.75,88.0,1196.5,77.0,1313.0,537.0,10.275000095367,65.175001144409,0.8151062271297842
2004-04-12,18:00:00,1.3,1040.25,83.0,3.8971281280841183,705.0,100.0,1149.25,91.0,1323.5,611.5,10.975000143051,58.925000190735,0.7713618792648487
2004-04-12,19:00:00,1.8,1069.75,79.0,5.247305750259137,775.75,127.0,1065.0,93.0,1368.75,697.0,10.599999904633,59.450000762939,0.7594546589625041
2004-04-12,20:00:00,1.2,963.75,68.0,3.663464880883249,691.75,88.0,1176.0,82.0,1292.25,572.75,10.575000047684,57.72500038147,0.7362167565984372
2004-04-12,21:00:00,0.8,904.25,56.0,2.733430363808586,635.0,66.0,1269.25,74.0,1233.25,488.75,10.575000047684,56.050000190735,0.7148540333489708
2004-04-12,22:00:00,0.8,913.25,49.0,2.6004452699114715,626.25,61.0,1270.75,68.0,1234.25,473.75,10.25,57.974999427795,0.7238757885272427
2004-04-12,23:00:00,0.8,914.0,56.0,2.361018749438252,610.0,54.0,1321.75,65.0,1229.5,454.75,10.375,58.39999961853,0.7351639523669441
2004-04-13,00:00:00,0.7,893.0,48.0,2.0391460268901196,587.0,46.0,1367.5,58.0,1219.25,432.5,10.650000095367,58.199999809265,0.7459145414016218
2004-04-13,01:00:00,0.5,844.25,27.0,1.3471170917396558,531.5,25.0,1498.5,36.0,1176.0,376.0,10.549999952316,59.875000953674,0.762393039313602
2004-04-13,02:00:00,0.3,836.5,29.0,1.197502764718959,518.0,18.0,1580.75,29.0,1182.25,360.0,10.474999904633,60.799999237061,0.7703908698365101
2004-04-13,03:00:00,0.4,868.25,32.0,1.330123390996772,530.0,,1481.5,,1215.0,383.75,10.625,63.050001144409,0.8067578492484356
2004-04-13,04:00:00,0.3,824.75,47.0,0.8995128466837359,488.75,21.0,1565.25,28.0,1170.75,363.0,11.074999809265,60.149998664856,0.7925349411096416
2004-04-13,05:00:00,0.7,955.5,66.0,3.0600205820759325,655.75,76.0,1250.75,68.0,1356.25,524.75,10.075000047684,68.39999961853,0.8443195552145362
2004-04-13,06:00:00,1.6,1124.25,163.0,6.906801269418972,852.75,149.0,960.25,99.0,1531.0,872.5,10.024999856949,68.72500038147,0.8455584540454132
2004-04-13,07:00:00,3.9,1496.25,524.0,19.123453175722965,1271.75,328.0,667.25,130.0,2011.25,1398.75,10.974999904633,64.150000572205,0.8397601029881155
2004-04-13,08:00:00,4.5,1451.75,657.0,22.092876876610813,1353.5,282.0,620.25,128.0,2056.5,1501.0,12.024999856949,58.074998855591,0.813773076230225
2004-04-13,09:00:00,2.7,1172.0,324.0,11.781322973571852,1042.0,206.0,796.5,120.0,1641.0,1186.25,12.775000095367,51.974999427795,0.7643402539052844
2004-04-13,10:00:00,1.6,1019.5,144.0,7.31661206728073,870.5,133.0,955.5,93.0,1425.5,911.25,12.600000143051,50.799999237061,0.738704773060115
2004-04-13,11:00:00,1.6,1044.0,135.0,8.00770000240378,899.5,137.0,934.0,96.0,1470.75,919.25,13.799999952316,47.35000038147,0.7435409424851475
2004-04-13,12:00:00,1.6,1019.75,140.0,7.205958222732487,865.75,116.0,971.75,84.0,1428.5,791.25,15.125,42.699999809265,0.7293640431869446
2004-04-13,13:00:00,1.5,1009.25,141.0,7.658832618007967,885.0,112.0,993.75,87.0,1438.5,750.75,16.274999856949,38.14999961853,0.7005616852802711
2004-04-13,14:00:00,1.8,1073.0,181.0,9.69163258444518,966.0,128.0,934.5,87.0,1536.5,804.75,16.575000047684,36.700000762939,0.6867163549507475
2004-04-13,15:00:00,2.1,1098.0,227.0,9.817124758804077,970.75,145.0,877.0,103.0,1527.25,965.75,15.849999666214,40.5,0.7241334358489561
2004-04-13,16:00:00,1.7,1060.75,149.0,7.694614864499808,886.5,110.0,919.75,88.0,1462.25,869.25,16.349999904633,41.800000190735,0.7712045478325213
2004-04-13,17:00:00,3.0,1288.75,425.0,15.283846444717812,1157.5,184.0,755.25,118.0,1790.75,1195.75,16.10000038147,42.849999427795,0.7782787412408694
2004-04-13,18:00:00,4.6,1441.5,669.0,21.469616535835723,1336.75,243.0,629.5,134.0,2004.0,1523.0,15.275000095367,46.825000762939,0.8074372129764512
2004-04-13,19:00:00,5.0,1479.0,680.0,21.69199977503211,1342.75,259.0,630.75,144.0,1994.75,1578.5,14.700000047684,47.0,0.7815077994652585
2004-04-13,20:00:00,3.5,1266.0,446.0,14.649682363278062,1137.5,205.0,726.0,129.0,1746.75,1370.0,14.099999904633,49.550000190735,0.7931026295653653
2004-04-13,21:00:00,2.1,1149.0,205.0,9.319295114362275,951.75,144.0,844.5,108.0,1577.25,1203.5,13.524999856949,54.125,0.8351383812878692
2004-04-13,22:00:00,2.1,1167.5,194.0,9.364685579922574,953.5,152.0,842.75,104.0,1585.5,1201.25,12.324999809265,59.22500038147,0.8461038327572422
2004-04-13,23:00:00,1.5,1078.5,115.0,6.7818659104834325,847.25,108.0,925.25,90.0,1463.0,1121.75,11.649999856949,62.225001335144,0.8510371214910517
2004-04-14,00:00:00,1.1,1047.3333333333,74.0,4.93200817992722,760.0,64.0,1032.0,74.0,1378.6666666667,1003.0,11.46666653951,61.43333307902,0.8302890507795708
2004-04-14,01:00:00,0.9,935.5,85.0,3.8881989834382815,704.5,73.0,1085.75,73.0,1363.75,918.25,10.875,64.550000190735,0.8395152845947566
2004-04-14,02:00:00,0.7,900.0,66.0,2.725755128418066,634.5,47.0,1206.75,60.0,1307.0,835.75,11.075000286102,63.22500038147,0.8330511158681938
2004-04-14,03:00:00,0.4,839.25,60.0,1.8956482143938895,576.25,,1325.25,,1285.0,759.0,10.700000047684,64.425002098083,0.828392446502473
2004-04-14,04:00:00,,839.5,40.0,1.7186528499153866,562.5,45.0,1349.25,57.0,1275.0,755.25,10.650000095367,63.775001525879,0.8173659995182829
2004-04-14,05:00:00,0.9,904.5,47.0,3.2891897227614906,669.75,79.0,1190.75,62.0,1345.5,819.75,10.225000143051,65.75,0.819613439499703
2004-04-14,06:00:00,1.6,1078.5,116.0,7.427984010652609,875.25,113.0,947.0,71.0,1534.75,998.0,10.325000047684,65.550001144409,0.8224797528672588
2004-04-14,07:00:00,3.9,1416.75,478.0,18.234801227497126,1246.25,263.0,669.0,94.0,1921.0,1403.0,10.849999904633,63.974999427795,0.8306838794391688
2004-04-14,08:00:00,5.0,1529.25,836.0,27.729952491409712,1496.75,275.0,568.5,99.0,2277.5,1641.0,13.299999952316,55.574999809265,0.8452613210585996
2004-04-14,09:00:00,4.3,1397.25,655.0,18.295210456775816,1248.0,263.0,659.25,119.0,1906.25,1534.0,15.775000095367,46.800000190735,0.8328387358322309
2004-04-14,10:00:00,2.7,1214.25,312.0,12.338011438644102,1061.25,183.0,779.75,103.0,1661.75,1256.5,19.52499961853,34.449999809265,0.7738270107124401
2004-04-14,11:00:00,2.1,1109.25,195.0,8.889611855025933,935.0,147.0,882.25,95.0,1518.0,1026.25,21.074999809265,30.175000190735,0.744994208694672
2004-04-14,12:00:00,2.1,1122.0,238.0,10.420883007390719,993.25,132.0,858.75,95.0,1571.0,993.0,18.424999713898,34.224999904633,0.718456162923375
2004-04-14,13:00:00,,1093.75,,9.67846293726058,965.5,,877.25,,1518.75,919.25,21.025000095367,30.625,0.7538140913372204
2004-04-14,14:00:00,,1164.0,,12.77195815541459,1076.0,,787.75,,1653.25,1031.75,21.425000190735,28.675000190735,0.7231340390580464
2004-04-14,15:00:00,,1188.25,,12.942853590314305,1081.75,,790.25,,1652.75,1076.5,21.325000286102,27.349999904633,0.6855570242694561
2004-04-14,16:00:00,,1098.25,,8.85789311645183,933.75,,895.25,,1496.5,883.0,20.375,30.39999961853,0.7192730260673896
2004-04-14,17:00:00,,1180.25,,10.998192625032443,1014.25,,826.0,,1594.75,1036.0,18.699999809265,34.825000762939,0.7435637402792318
2004-04-14,18:00:00,,1195.0,,12.646267058074494,1071.75,,799.0,,1608.5,1143.5,18.599999904633,34.724999427795,0.7368699346574425
2004-04-14,19:00:00,,1234.0,,13.332789217998998,1094.75,,788.5,,1638.25,1211.5,17.924999713898,35.75,0.7276067474100121
2004-04-14,20:00:00,,1425.0,,18.079854531960976,1241.75,,675.25,,1858.25,1485.75,16.549999952316,42.050000190735,0.7855937271855291
2004-04-14,21:00:00,,1319.5,,13.024928299631267,1084.5,,730.0,,1689.0,1440.25,14.799999952316,49.724999427795,0.8320737507450469
2004-04-14,22:00:00,,1157.75,,7.820412173392475,891.75,,870.25,,1494.0,1242.0,13.375000238419,54.25,0.829077962305117
2004-04-14,23:00:00,,1060.25,,5.849489378590794,804.75,,963.75,,1418.0,1088.75,13.449999809265,54.174999237061,0.83191227789736
2004-04-15,00:00:00,,1036.0,,4.66358706081456,746.25,,1033.75,,1364.0,993.25,12.299999952316,57.64999961853,0.8222771166171564
2004-04-15,01:00:00,,942.75,,3.120712813161235,659.5,,1162.5,,1296.5,862.0,11.574999809265,58.75,0.7996170117562752
2004-04-15,02:00:00,,899.25,,2.0971049817277776,591.25,,1242.75,,1259.0,815.25,10.650000095367,62.324998855591,0.798782183704132
2004-04-15,03:00:00,,889.25,,1.6779019605578074,559.25,,1330.75,,1240.75,713.75,10.200000047684,63.199999809265,0.7865390235084969
2004-04-15,04:00:00,,846.75,,1.2908297370382815,526.5,,1416.25,,1216.0,682.0,10.474999904633,61.25,0.7760927856841726
2004-04-15,05:00:00,,917.75,,2.577932199377853,624.75,,1255.0,,1297.5,743.75,9.2999999523163,65.824998855591,0.7722291732044608
2004-04-15,06:00:00,,1105.0,,7.934977356048177,896.5,,905.75,,1510.25,1049.75,9.125,67.375,0.781354358297118
2004-04-15,07:00:00,,1490.5,,21.39570598678425,1334.75,,624.75,,2001.25,1522.0,10.200000047684,62.925001144409,0.7831165997430735
2004-04-15,08:00:00,,1507.75,,22.13969348822825,1354.75,,608.75,,2033.5,1623.0,11.599999904633,58.675000190735,0.7998904739207128
2004-04-15,09:00:00,3.9,1489.25,536.0,19.061891730527954,1270.0,309.0,633.25,114.0,1888.5,1637.75,13.450000047684,53.375,0.8196274874931003
2004-04-15,10:00:00,3.8,1451.25,481.0,17.313596427340947,1219.25,327.0,661.25,127.0,1803.75,1633.25,15.025000095367,49.27499961853,0.8363686290428675
2004-04-15,11:00:00,3.8,1454.25,460.0,17.50807157143983,1225.0,299.0,660.5,135.0,1808.75,1654.25,17.050000190735,42.125,0.811962318001138
2004-04-15,12:00:00,3.9,1392.25,597.0,16.985953329637045,1209.5,257.0,689.25,135.0,1791.75,1559.0,18.449999809265,36.900000572205,0.7758071745613868
2004-04-15,13:00:00,3.5,1350.5,465.0,16.985953329637045,1209.5,195.0,708.75,120.0,1782.5,1374.0,19.250000476837,35.425000190735,0.7824125914576912
2004-04-15,14:00:00,4.0,1417.5,542.0,19.476854677471454,1281.75,231.0,680.75,129.0,1890.0,1418.0,19.150000095367,35.650000572205,0.7825590044914627
2004-04-15,15:00:00,3.0,1303.0,437.0,14.807148739274531,1142.5,170.0,748.25,114.0,1734.25,1228.25,21.474999904633,30.35000038147,0.7676936711072988
2004-04-15,16:00:00,3.1,1292.25,383.0,13.96537920780899,1115.5,192.0,746.25,129.0,1676.0,1292.75,19.575000286102,34.64999961853,0.7807085332181773
2004-04-15,17:00:00,5.2,1560.0,778.0,24.37774068147215,1413.25,251.0,593.5,149.0,2046.0,1642.25,19.60000038147,35.52499961853,0.8016505828230588
2004-04-15,18:00:00,5.9,1765.0,926.0,28.143709162009053,1506.75,289.0,533.0,149.0,2270.75,1895.0,18.27499961853,44.14999961853,0.9182512323376868
2004-04-15,19:00:00,7.3,1874.5,1189.0,33.74682003097595,1636.5,351.0,482.0,158.0,2445.75,2086.0,17.374999523163,47.75,0.9392059530635745
2004-04-15,20:00:00,6.1,1746.25,824.0,24.192598971050693,1408.5,319.0,552.5,148.0,2119.25,1897.75,16.800000190735,49.775000572205,0.9445633932336593
2004-04-15,21:00:00,4.6,1606.5,660.0,19.75263625123044,1289.5,264.0,587.25,134.0,1960.0,1758.0,16.200000286102,53.199999809265,0.9723463172921659
2004-04-15,22:00:00,2.5,1277.0,203.0,9.31281843867851,951.5,144.0,802.25,111.0,1606.75,1284.0,14.875,59.050000190735,0.9928173750448173
2004-04-15,23:00:00,2.2,1206.5,136.0,7.25246168751516,867.75,119.0,877.25,106.0,1532.25,1075.25,13.924999713898,64.0,1.0130378140898495
2004-04-16,00:00:00,2.0,1208.5,114.0,7.136442302880105,862.75,120.0,881.75,108.0,1547.25,1084.25,13.674999952316,66.825000762939,1.0410223808857835
2004-04-16,01:00:00,1.9,1188.5,110.0,6.714129541810949,844.25,96.0,886.75,93.0,1565.5,1048.75,13.449999809265,69.60000038147,1.068778877238928
2004-04-16,02:00:00,1.6,1131.75,127.0,5.956122343665647,809.75,77.0,899.0,83.0,1532.0,1021.25,12.849999904633,71.949998855591,1.0631995473827536
2004-04-16,03:00:00,1.0,974.25,68.0,2.729591596001178,634.75,,1159.0,,1387.0,778.0,12.900000095367,68.5,1.015473195216314
2004-04-16,04:00:00,1.0,1032.75,70.0,3.5682865172598426,686.25,63.0,1029.5,69.0,1419.75,947.5,11.874999761581,74.800001144409,1.0380226469521954
2004-04-16,05:00:00,1.2,1074.5,93.0,5.364484431415103,781.5,97.0,941.0,77.0,1504.75,988.0,11.599999904633,76.400001525879,1.041527622146106
2004-04-16,06:00:00,2.0,1241.75,179.0,10.003313625263502,977.75,180.0,777.5,87.0,1685.5,1184.25,11.700000047684,75.250001907349,1.0325136027224888
2004-04-16,07:00:00,4.5,1656.75,523.0,23.237670486817727,1383.75,352.0,579.0,109.0,2175.75,1600.25,12.75,71.02499961853,1.0428119031822976
2004-04-16,08:00:00,4.1,1405.75,546.0,18.650744712052674,1258.25,279.0,636.0,116.0,1890.25,1494.75,13.799999952316,61.099999427795,0.9594583061115122
2004-04-16,09:00:00,2.6,1149.75,251.0,9.863532129621102,972.5,186.0,827.25,105.0,1590.0,1187.75,15.300000190735,51.449999809265,0.8885905292255084
2004-04-16,10:00:00,2.3,1184.25,222.0,10.150649865204098,983.25,169.0,822.5,106.0,1604.25,1165.5,16.624999761581,48.724999427795,0.914579411268493
2004-04-16,11:00:00,2.6,1223.0,212.0,10.984293137716778,1013.75,172.0,780.75,108.0,1666.0,1218.5,17.624999523163,46.675001144409,0.9324404904535133
2004-04-16,12:00:00,2.4,1195.5,263.0,10.50935982454703,996.5,127.0,802.0,100.0,1643.5,1128.0,19.249999523163,42.674999237061,0.9425392973304247
2004-04-16,13:00:00,4.3,1559.25,535.0,18.93902281398212,1266.5,230.0,652.75,149.0,2046.5,1373.25,15.72500038147,62.525000572205,1.1091811926911568
2004-04-16,14:00:00,4.6,1543.75,609.0,18.930259427115473,1266.25,280.0,612.5,148.0,2065.75,1415.25,14.5,75.675001144409,1.242450209594471
2004-04-16,15:00:00,4.0,1485.3333333333,449.0,17.45160666197702,1223.3333333333,242.0,650.33333333333,126.0,1980.0,1302.0,14.433333396912,77.399998982747,1.2654048964232767
2004-04-16,16:00:00,4.7,1498.0,536.0,17.66091504876288,1229.5,250.0,649.25,140.0,1962.5,1308.0,14.625000238419,74.875,1.2391028608801187
2004-04-16,17:00:00,5.7,1593.25,743.0,22.999123584169165,1377.5,309.0,581.75,142.0,2158.75,1448.5,14.625,75.97500038147,1.257306696557672
2004-04-16,18:00:00,5.2,1528.5,575.0,20.444779979264574,1308.75,270.0,626.75,141.0,2083.25,1384.75,14.049999952316,76.25,1.216587393481297
2004-04-16,19:00:00,6.4,1689.0,783.0,26.80857133459717,1474.25,323.0,560.0,149.0,2298.25,1491.75,13.875,77.97500038147,1.2303172769585382
2004-04-16,20:00:00,6.0,1535.25,706.0,19.9493542369401,1295.0,307.0,627.25,140.0,2038.75,1379.5,13.775000095367,78.0,1.222888856820215
2004-04-16,21:00:00,3.4,1303.75,299.0,12.513760440386402,1067.25,224.0,736.75,117.0,1811.0,1166.75,13.5,79.350002288818,1.2224008181061226
2004-04-16,22:00:00,2.7,1234.5,159.0,9.606166402460243,962.75,166.0,803.0,103.0,1679.5,1094.75,13.075000047684,80.14999961853,1.2015897457661129
2004-04-16,23:00:00,3.1,1281.25,171.0,9.969956267880697,976.5,171.0,794.25,99.0,1695.25,1104.5,12.775000095367,81.02499961853,1.1915472720137008
2004-04-17,00:00:00,2.6,1167.0,162.0,8.117313840167903,904.0,169.0,845.5,100.0,1627.25,1051.0,12.725000143051,80.625,1.181862227181663
2004-04-17,01:00:00,2.2,1133.75,111.0,7.136442302880105,862.75,120.0,868.5,88.0,1598.75,1009.0,12.525000095367,81.799999237061,1.1837638563882131
2004-04-17,02:00:00,1.9,1099.75,134.0,6.37429750967153,829.0,103.0,886.75,83.0,1564.75,971.75,12.650000095367,81.224998474121,1.1849315050835767
2004-04-17,03:00:00,,1056.75,,5.091118475893959,768.0,,958.25,,1527.25,883.75,12.424999713898,82.39999961853,1.1847954178579692
2004-04-17,04:00:00,,901.5,,2.995843171964047,651.75,,1157.75,,1437.25,661.25,12.600000143051,79.900001525879,1.1618604996280704
2004-04-17,05:00:00,,981.75,,4.238247947117017,723.75,,1055.0,,1507.5,773.75,12.775000095367,79.974998474121,1.1761060377635042
2004-04-17,06:00:00,,996.75,,5.101134317941586,768.5,,1001.75,,1523.5,868.25,12.575000047684,79.875,1.1596307316606675
2004-04-17,07:00:00,,1141.0,,8.074610745890912,902.25,,904.75,,1672.25,965.25,12.549999952316,79.600002288818,1.1537811744423732
2004-04-17,08:00:00,,1163.25,,8.756718181342892,929.75,,848.5,,1691.25,985.25,12.75,80.800001144409,1.1863316215851163
2004-04-17,09:00:00,,1106.5,,7.153794346007262,863.5,,911.25,,1604.25,963.25,13.450000047684,78.125,1.1996889453938822
2004-04-17,10:00:00,,1227.75,,9.24815729916871,949.0,,837.5,,1705.75,1068.75,14.575000286102,74.85000038147,1.2347672659335645
2004-04-17,11:00:00,,1033.0,,5.956122343665647,809.75,,968.75,,1526.25,863.5,16.825000286102,61.025001525879,1.1598605487813534
2004-04-17,12:00:00,,983.5,,4.981498720332963,762.5,,1053.75,,1472.0,641.25,18.800000190735,50.125,1.0768571853152642
2004-04-17,13:00:00,,1066.25,,7.522326710746406,879.25,,938.75,,1535.75,739.5,19.325000286102,47.074999809265,1.044519132241906
2004-04-17,14:00:00,,926.0,,3.93741727766051,707.25,,1130.25,,1428.75,531.5,19.25,46.625,1.029780827434723
2004-04-17,15:00:00,,978.5,,5.01129410974165,764.0,,1054.25,,1461.5,572.0,19.700000286102,44.39999961853,1.0080781517305866
2004-04-17,16:00:00,,992.5,,5.390103939543701,782.75,,1032.75,,1482.0,629.5,19.349999904633,45.724999427795,1.0161229149517066
2004-04-17,17:00:00,,969.75,,4.996386946200936,763.25,,1042.75,,1462.0,607.5,17.900000095367,49.875,1.0135159106339777
2004-04-17,18:00:00,,997.0,,5.498273509057063,788.0,,1014.0,,1481.5,644.25,16.925000190735,53.224999427795,1.0179466675567828
2004-04-17,19:00:00,,1096.75,,7.820412173392475,891.75,,908.5,,1594.25,833.0,16.075000286102,55.97500038147,1.0150721345975369
2004-04-17,20:00:00,,1105.25,,8.203007924916658,907.5,,899.75,,1566.25,923.25,16.549999713898,52.77499961853,0.9859621366461083
2004-04-17,21:00:00,,992.75,,5.272685493817855,777.0,,1022.0,,1481.5,790.0,16.875,51.10000038147,0.9742598367184955
2004-04-17,22:00:00,,1135.75,,7.916840904491177,895.75,,918.75,,1622.75,960.5,16.974999904633,50.825000762939,0.9750833405169115
2004-04-17,23:00:00,,1296.75,,10.687269183772557,1003.0,,797.5,,1700.25,1176.75,16.89999961853,54.75,1.0454801627433985
2004-04-18,00:00:00,,1110.25,,6.946757178144978,854.5,,897.0,,1568.25,943.25,16.25,57.22500038147,1.0491967385492857
2004-04-18,01:00:00,,1026.5,,6.31930644980548,826.5,,941.5,,1528.5,742.0,16.025000333786,56.22500038147,1.016409760795191
2004-04-18,02:00:00,,1024.25,,5.638692720437387,794.75,,982.25,,1501.25,704.75,15.625,60.22500038147,1.0616750723103656
2004-04-18,03:00:00,,991.75,,5.390103939543701,782.75,,988.0,,1526.75,662.5,14.625,68.174999237061,1.1282248456490565
2004-04-18,04:00:00,,928.5,,3.1901107029667854,663.75,,1143.75,,1448.75,536.25,14.275000095367,69.550001144409,1.1256853665307422
2004-04-18,05:00:00,,891.75,,1.9352447455465327,579.25,,1308.5,,1396.0,441.25,13.824999809265,71.925001144409,1.131246304038016
2004-04-18,06:00:00,,895.25,,2.3394161950867094,608.5,,1267.75,,1410.25,477.0,13.774999856949,72.72500038147,1.1401870670024221
2004-04-18,07:00:00,,915.25,,2.3935811648585816,612.25,,1266.0,,1411.0,506.0,14.174999952316,72.325000762939,1.1631793275436344
2004-04-18,08:00:00,,947.25,,2.9480911901525007,648.75,,1154.25,,1458.75,608.0,14.474999904633,72.89999961853,1.1949918117472564
2004-04-18,09:00:00,,1031.5,,4.192061415723198,721.25,,1052.0,,1545.5,663.0,14.225000143051,75.625,1.2201260090445576
2004-04-18,10:00:00,,1218.5,,6.810174913240995,848.5,,900.75,,1664.0,912.25,14.525000095367,77.200000762939,1.2695005587158747
2004-04-18,11:00:00,,1216.5,,7.26993335753569,868.5,,872.75,,1660.25,963.25,14.875,74.52499961853,1.2530010881878715
2004-04-18,12:00:00,,1096.5,,5.303210072458306,778.5,,980.25,,1565.25,802.5,15.5,67.35000038147,1.1779647095368038
2004-04-18,13:00:00,,937.75,,3.360150939895025,674.0,,1136.25,,1432.75,563.75,16.674999713898,56.0,1.054424291839136
2004-04-18,14:00:00,,943.5,,3.402194127528105,676.5,,1139.5,,1435.75,500.5,17.074999332428,55.549999237061,1.072400394171009
2004-04-18,15:00:00,,1138.5,,6.7762101436194015,847.0,,928.5,,1603.75,700.5,16.225000143051,62.400000572205,1.1422860887945798
2004-04-18,16:00:00,,1163.25,,7.044201699807389,858.75,,920.75,,1603.25,782.5,17.35000038147,58.900000572205,1.1567172469236084
2004-04-18,17:00:00,,1157.25,,7.664791387485363,885.25,,916.25,,1590.25,783.75,17.450000286102,54.64999961853,1.0799500338137105
2004-04-18,18:00:00,,1154.25,,8.49349569485124,919.25,,876.0,,1622.75,860.75,17.474999904633,54.175000190735,1.0722289208825264
2004-04-18,19:00:00,,1341.5,,13.537199103668305,1101.5,,744.0,,1824.0,1156.25,17.049999713898,55.10000038147,1.0620563252541582
2004-04-18,20:00:00,,1178.0,,9.2417017512885,948.75,,846.75,,1652.75,1046.75,16.35000038147,57.824999809265,1.0668637311061548
2004-04-18,21:00:00,,1151.5,,8.656039174931239,925.75,,853.5,,1668.75,1033.75,15.775000095367,60.375000953674,1.0744153689145077
2004-04-18,22:00:00,,1078.0,,6.629867075396747,840.5,,920.25,,1594.75,962.0,15.500000238419,63.299999237061,1.1071294122217068
2004-04-18,23:00:00,,1167.0,,9.145099271304806,945.0,,826.0,,1702.25,1099.75,15.0,65.174999237061,1.1044994296265531
2004-04-19,00:00:00,,1110.5,,7.772386848630005,889.75,,870.5,,1658.25,1047.25,14.5,67.325000762939,1.1053579127040625
2004-04-19,01:00:00,,988.25,,4.210510136054915,722.25,,1029.0,,1499.5,873.75,14.099999904633,70.125001907349,1.1224283188074344
2004-04-19,02:00:00,,917.25,,3.402194127528105,676.5,,1102.5,,1493.75,747.25,13.799999713898,73.349998474121,1.151821029103323
2004-04-19,03:00:00,,850.0,,1.709211807868079,561.75,,1275.0,,1406.75,589.0,13.050000190735,78.27499961853,1.1716009968267178
2004-04-19,04:00:00,,884.75,,2.069743918068734,589.25,,1238.25,,1442.5,635.0,13.0,78.174999237061,1.1663586236133971
2004-04-19,05:00:00,,888.0,,2.1696551760690563,596.5,,1242.25,,1427.75,670.5,14.25,70.10000038147,1.1327854581992625
2004-04-19,06:00:00,,1100.6666666667,,6.882115916201536,851.66666666667,,912.66666666667,,1654.6666666667,991.66666666667,14.033333142598,70.933331807454,1.1305582848524454
2004-04-19,07:00:00,,1398.5,,16.511899715390346,1195.25,,680.25,,1975.5,1308.0,15.350000143051,64.199999809265,1.1122992272838086
2004-04-19,08:00:00,,1324.5,,18.711737053885297,1260.0,,651.75,,1968.75,1303.0,16.549999713898,57.949999809265,1.0826434115316053
2004-04-19,09:00:00,,1058.25,,8.53088910572999,920.75,,875.75,,1593.5,893.25,18.824999809265,47.97500038147,1.0322563806258476
2004-04-19,10:00:00,,989.75,,6.759254914852198,846.25,,946.75,,1502.75,714.75,19.500000476837,43.275000572205,0.9705682692989186
2004-04-19,11:00:00,,1018.0,,7.522326710746406,879.25,,949.5,,1573.5,684.5,18.5,45.549999237061,0.9606311100858556
2004-04-19,12:00:00,,1105.25,,10.880285962841752,1010.0,,810.5,,1708.5,946.5,18.025000095367,46.72500038147,0.9568875817412972
2004-04-19,13:00:00,,1194.0,,13.385657033345838,1096.5,,742.75,,1846.5,1049.25,16.475000143051,58.150000572205,1.0812922732862165
2004-04-19,14:00:00,,1088.0,,7.8504920260883315,893.0,,891.5,,1565.0,741.0,12.125,75.60000038147,1.0662016953223419
2004-04-19,15:00:00,,1084.0,,8.845219157196645,933.25,,871.75,,1602.25,801.0,11.100000143051,75.575000762939,0.997393909488627
2004-04-19,16:00:00,,1206.5,,11.482303983542511,1031.5,,797.25,,1700.75,969.25,10.475000143051,79.049999237061,1.0016348583038723
2004-04-19,17:00:00,,1186.25,,11.767009701937964,1041.5,,807.5,,1684.25,1037.75,9.9500002861023,80.47500038147,0.9852720324336088
2004-04-19,18:00:00,,1052.5,,8.28292428644746,910.75,,916.25,,1528.0,888.5,11.25,70.450000762939,0.9388612576108157
2004-04-19,19:00:00,,1031.5,,7.886652812465704,894.5,,920.75,,1507.75,879.25,10.700000047684,71.524997711182,0.9196859279856022
2004-04-19,20:00:00,,988.5,,6.747961491337765,845.75,,960.0,,1475.5,846.25,9.875,73.950000762939,0.900945419316484
2004-04-19,21:00:00,,930.0,,4.639503189352514,745.0,,1084.75,,1390.75,712.25,10.775000095367,68.150001525879,0.880582447313318
2004-04-19,22:00:00,,951.25,,5.046151091189926,765.75,,1055.5,,1431.0,746.75,10.150000095367,73.97500038147,0.9176299333434057
2004-04-19,23:00:00,,985.25,,5.333809739533331,780.0,,1017.0,,1443.75,790.75,10.100000143051,77.47500038147,0.9579064096487929
2004-04-20,00:00:00,,936.75,,3.861463962633157,703.0,,1135.75,,1376.75,636.75,9.9249999523163,77.699998855591,0.949739883427715
2004-04-20,01:00:00,,886.75,,2.9362043355061673,648.0,,1222.25,,1356.75,552.5,9.4999997615814,80.200000762939,0.9533302114178589
2004-04-20,02:00:00,,806.0,,1.4952565950446082,544.25,,1429.25,,1289.5,448.75,9.5250000953674,79.700000762939,0.948944811846442
2004-04-20,03:00:00,,770.5,,0.8405936232001463,482.5,,1587.25,,1276.75,484.5,9.6750001907349,78.89999961853,0.9487216345844814
2004-04-20,04:00:00,,801.5,,1.2029098055921177,518.5,,1523.25,,1314.75,540.25,9.75,80.025001525879,0.9669975448468981
2004-04-20,05:00:00,,877.5,,2.8770775169892318,644.25,,1260.25,,1410.0,685.0,10.025000095367,79.649997711182,0.9799742394637809
2004-04-20,06:00:00,,1069.5,,7.617176567782048,883.25,,942.0,,1624.5,925.25,10.275000095367,79.375,0.9926974398523166
2004-04-20,07:00:00,,1430.0,,20.717193269684454,1316.25,,638.25,,2069.25,1382.0,10.975000143051,77.424999237061,1.0135374241877264
2004-04-20,08:00:00,,1564.5,,29.920569946061534,1549.0,,539.75,,2395.5,1645.25,12.349999904633,69.22500038147,0.9905607959770883
2004-04-20,09:00:00,,1364.5,,20.092943564494178,1299.0,,637.25,,1999.25,1514.0,14.524999856949,60.425001144409,0.993647290085336
2004-04-20,10:00:00,,1348.25,,17.136841596899675,1214.0,,678.0,,1874.25,1508.75,16.049999713898,56.25,1.0184592332178124
2004-04-20,11:00:00,,1311.25,,19.379394296492997,1279.0,,647.5,,1990.5,1519.5,18.14999961853,51.125000953674,1.0551300098920822
2004-04-20,12:00:00,,1302.25,,18.69430200789783,1259.5,,658.0,,1969.75,1471.25,22.97500038147,37.525000572205,1.0388678356609715
2004-04-20,13:00:00,,1249.5,,15.775075020535567,1172.75,,719.75,,1869.5,1282.0,21.800000190735,39.574999809265,1.0208915734982884
2004-04-20,14:00:00,,1082.75,,10.265129061124828,987.5,,859.0,,1643.25,1004.0,21.949999809265,37.200000762939,0.9683491085459609
2004-04-20,15:00:00,,1004.5,,7.880621095138315,894.25,,956.0,,1530.25,713.75,23.799999713898,31.399999141693,0.9132001038008314
2004-04-20,16:00:00,,1129.0,,13.704734690088378,1107.0,,843.5,,1742.0,940.25,25.875,26.900000095367,0.8844687017539941
2004-04-20,17:00:00,,1327.25,,19.743714277046415,1289.25,,711.5,,1937.5,1272.0,25.849999904633,29.875000476837,0.9808450756733781
2004-04-20,18:00:00,,1427.5,,25.32237576440522,1437.25,,599.25,,2156.0,1525.5,22.599999904633,39.450000762939,1.0678772217040424
2004-04-20,19:00:00,,1425.5,,23.853125045880887,1399.75,,612.0,,2102.0,1488.0,19.925000190735,45.025000572205,1.0364390962100705
2004-04-20,20:00:00,,1310.25,,20.589875771644458,1312.75,,662.75,,1958.25,1474.5,17.924999713898,47.449999809265,0.9657325881349651
2004-04-20,21:00:00,,1113.75,,12.265095664334828,1058.75,,791.5,,1704.0,1181.75,16.775000095367,50.375000953674,0.9544576122301303
2004-04-20,22:00:00,,990.75,,7.748421496443901,888.75,,931.5,,1549.75,932.5,15.974999904633,52.025000572205,0.9375350828405465
2004-04-20,23:00:00,,1089.25,,9.016969786956228,940.0,,865.75,,1589.0,1000.75,14.199999809265,59.099999427795,0.9519985632726736
2004-04-21,00:00:00,,911.25,,4.538932154052378,739.75,,1070.75,,1411.75,755.75,14.174999952316,56.650000572205,0.9110834272495383
2004-04-21,01:00:00,,1004.5,,5.780618799798874,801.5,,975.5,,1474.0,951.5,12.249999761581,67.700000762939,0.9625156478154698
2004-04-21,02:00:00,,862.75,,3.1860104697339593,663.5,,1172.25,,1381.0,807.5,13.200000047684,61.72500038147,0.9328077345756661
2004-04-21,03:00:00,,856.5,,3.0158363034358335,653.0,,1196.75,,1375.25,779.0,10.899999856949,71.0,0.9249056766136103
2004-04-21,04:00:00,,803.5,,2.012111170985982,585.0,,1301.0,,1318.5,716.5,11.299999952316,67.600001335144,0.9038091830204547
2004-04-21,05:00:00,,870.75,,3.7027089847837953,694.0,,1159.5,,1420.5,779.0,10.100000143051,71.824998855591,0.8880493893258941
2004-04-21,06:00:00,,1034.5,,8.73150190350893,928.75,,886.5,,1598.75,1008.5,10.225000143051,70.925001144409,0.8841229526158089
2004-04-21,07:00:00,,1512.75,,27.032571584497656,1479.75,,572.25,,2248.75,1594.5,11.75,65.999998092651,0.9085281047840974
2004-04-21,08:00:00,,1726.25,,40.260060843367405,1776.25,,478.0,,2684.0,1939.75,14.024999856949,58.199999809265,0.9271182508858625
2004-04-21,09:00:00,,1396.0,,19.976243789903904,1295.75,,619.25,,1990.75,1628.25,17.000000238419,50.199999809265,0.9645958462842783
2004-04-21,10:00:00,,1333.0,,17.061326349640385,1211.75,,667.5,,1854.25,1572.75,22.325000286102,36.949999809265,0.9838112747415236
2004-04-21,11:00:00,,1161.25,,11.046899828729593,1016.0,,849.25,,1641.75,1186.75,24.449999809265,30.900000095367,0.9340480999075372
2004-04-21,12:00:00,,1081.25,,10.591313617363797,999.5,,899.75,,1561.0,900.25,25.875000476837,26.675000190735,0.8770707570649016
2004-04-21,13:00:00,,1075.25,,10.543474253928526,997.75,,914.0,,1573.75,800.0,25.825000286102,26.050000190735,0.8540089827972935
2004-04-21,14:00:00,,1055.25,,9.645572227732076,964.25,,953.0,,1512.5,769.5,26.349999904633,24.825000286102,0.8392963306067414
2004-04-21,15:00:00,,1052.5,,9.338736657793214,952.5,,988.0,,1483.0,758.0,27.0,22.224999904633,0.7804732344620845
2004-04-21,16:00:00,,1087.25,,12.749738870577813,1075.25,,943.5,,1557.75,885.75,27.299999713898,20.450000286102,0.7307962891897702
2004-04-21,17:00:00,,1303.5,,19.797271895903044,1290.75,,765.0,,1838.25,1218.75,25.849999904633,24.10000038147,0.7912423873003426
2004-04-21,18:00:00,,1625.0,,32.46799903978168,1607.75,,601.25,,2271.25,1724.5,25.25,28.875,0.915119592516941
2004-04-21,19:00:00,,1648.5,,33.601202596421516,1633.25,,584.0,,2328.0,1744.5,23.775000095367,33.699999809265,0.9786323909152764
2004-04-21,20:00:00,,1442.75,,26.040876199182218,1455.25,,634.5,,2072.5,1600.0,21.400000572205,35.97500038147,0.905855821412959
2004-04-21,21:00:00,,1209.3333333333,,16.437572550596414,1193.0,,753.0,,1737.3333333333,1310.0,19.799999872843,39.466667175293,0.9015712805409674
2004-04-21,22:00:00,,1104.75,,10.59815534829328,999.75,,846.75,,1572.5,1208.25,19.22500038147,42.050000190735,0.9273102036748816
2004-04-21,23:00:00,,1020.25,,7.136442302880105,862.75,,932.5,,1491.75,1074.0,18.825000286102,45.800001144409,0.9854579348985473
2004-04-22,00:00:00,,990.75,,6.357778864799785,828.25,,973.25,,1469.0,992.5,17.124999523163,50.75,0.9827941199020311
2004-04-22,01:00:00,,937.25,,4.553241893316168,740.5,,1058.25,,1420.0,922.5,16.225000143051,53.39999961853,0.9775332715790587
2004-04-22,02:00:00,,881.5,,3.031871611389326,654.0,,1141.25,,1376.5,819.25,16.049999713898,53.52499961853,0.969120534568387
2004-04-22,03:00:00,,843.25,,2.1731361617436282,596.75,,1241.5,,1340.5,726.5,14.299999952316,59.224999427795,0.9600968649153029
2004-04-22,04:00:00,,819.25,,1.743937262555121,564.5,,1294.5,,1315.5,694.0,13.275000095367,62.550000190735,0.9498256747753853
2004-04-22,05:00:00,,834.0,,2.155755032662788,595.5,,1276.25,,1334.75,727.25,13.375000238419,59.52499961853,0.9096933712432023
2004-04-22,06:00:00,,976.5,,5.738409861607065,799.5,,989.5,,1473.5,926.25,12.174999952316,64.050001144409,0.9062284749577675
2004-04-22,07:00:00,,1234.25,,13.750578614055966,1108.5,,767.0,,1728.75,1193.5,13.875,57.224999427795,0.9029163850660229
2004-04-22,08:00:00,,1403.25,,21.599221367393998,1340.25,,622.5,,2003.0,1501.5,15.174999952316,53.150000572205,0.9107343577191703
2004-04-22,09:00:00,,1537.5,,26.14134515478638,1457.75,,592.75,,2185.5,1742.75,19.200000286102,41.575000762939,0.9154281327668127
2004-04-22,10:00:00,,1342.5,,20.101932471979794,1299.25,,694.0,,1945.0,1542.0,23.699999809265,30.625,0.885370829229861
2004-04-22,11:00:00,,1242.75,,15.428109897769035,1162.0,,765.75,,1730.75,1353.75,26.099999904633,26.77499961853,0.8920600156026312
2004-04-22,12:00:00,,1200.5,,13.559993122694275,1102.25,,814.0,,1681.5,1175.0,28.125,24.375000476837,0.9137625251171677
2004-04-22,13:00:00,,1120.75,,11.144589364521869,1019.5,,892.5,,1584.75,915.5,28.299999237061,23.925000190735,0.9060143839524988
2004-04-22,14:00:00,,1086.75,,12.163323306748472,1055.25,,908.25,,1562.25,817.5,27.97500038147,21.025000095367,0.7813650576706058
2004-04-22,15:00:00,,1165.0,,17.499596878001263,1224.75,,823.5,,1676.0,1027.75,30.800000190735,16.400000095367,0.7167243042567568
2004-04-22,16:00:00,,1224.0,,19.061891730527954,1270.0,,805.75,,1738.5,1113.0,31.275000095367,16.174999713898,0.7262058397820245
2004-04-22,17:00:00,,1431.0,,27.114223164369044,1481.75,,678.5,,2025.0,1431.0,29.425000190735,20.450000286102,0.8262378702654756
2004-04-22,18:00:00,,1433.0,,28.27874225581378,1510.0,,661.0,,2037.5,1503.0,25.75,24.324999809265,0.793950661671151
2004-04-22,19:00:00,,1526.75,,34.98969351595822,1664.0,,587.0,,2237.75,1774.75,23.77499961853,29.474999904633,0.8559403256054962
2004-04-22,20:00:00,,1387.25,,22.365001028151482,1360.75,,701.0,,1931.75,1504.75,22.0,34.77499961853,0.9079571769118183
2004-04-22,21:00:00,,1158.25,,13.499245409646248,1100.25,,834.75,,1658.5,1210.5,20.175000190735,37.425000190735,0.8747505990897103
2004-04-22,22:00:00,,1008.5,,8.196874198144533,907.25,,982.25,,1466.25,872.25,19.250000476837,38.75,0.8558500425051511
2004-04-22,23:00:00,,1025.5,,7.778383116128054,890.0,,976.25,,1466.75,855.25,17.874999523163,43.650000572205,0.8856431439740399
2004-04-23,00:00:00,,1118.5,,10.036718472630536,979.0,,873.0,,1593.0,1170.25,17.224999904633,47.900000572205,0.9334000345880614
2004-04-23,01:00:00,,999.75,,6.596289193627687,839.0,,958.0,,1467.0,1024.25,16.349999666214,49.650000572205,0.9160360166132037
2004-04-23,02:00:00,,865.5,,3.376941467632198,675.0,,1155.25,,1336.5,841.25,16.674999952316,46.5,0.8755487553811679
2004-04-23,03:00:00,,847.5,,2.8340441550903015,641.5,,1202.25,,1325.0,760.0,14.625,53.02499961853,0.8775082167897693
2004-04-23,04:00:00,,843.75,,2.335824002116313,608.25,,1212.75,,1313.5,803.0,14.125,53.85000038147,0.8633013011952273
2004-04-23,05:00:00,0.6,852.25,46.0,2.908548009422834,646.25,59.0,1186.0,59.0,1321.25,792.75,14.200000047684,52.224999427795,0.8412542412427915
2004-04-23,06:00:00,0.8,922.5,56.0,4.867985701735958,756.75,72.0,1040.75,67.0,1417.75,905.5,14.325000047684,55.449998855591,0.9003295857349358
2004-04-23,07:00:00,4.0,1490.0,452.0,22.61963360399776,1367.5,244.0,626.5,95.0,2119.25,1540.5,13.974999904633,57.950000762939,0.9202007975682098
2004-04-23,08:00:00,5.6,1662.0,880.0,31.080283310006756,1576.0,351.0,522.5,123.0,2416.5,1861.0,15.449999570847,53.275000572205,0.9288578285475296
2004-04-23,09:00:00,5.0,1552.5,759.0,22.120961773568652,1354.25,358.0,620.75,142.0,2030.0,1895.25,19.125000476837,42.125,0.9232729005031266
2004-04-23,10:00:00,3.2,1423.0,394.0,18.269310357149713,1247.25,245.0,705.5,142.0,1887.25,1683.75,23.724999427795,30.974999904633,0.8968243276782295
2004-04-23,11:00:00,3.8,1457.75,639.0,21.952680637394874,1349.75,240.0,677.25,169.0,1946.5,1731.0,26.875,25.650000095367,0.8942068252110229
2004-04-23,12:00:00,3.3,1348.5,541.0,20.074970891885066,1298.5,179.0,727.75,142.0,1838.0,1401.75,29.724999904633,20.625,0.8477569966778379
2004-04-23,13:00:00,3.0,1326.25,468.0,18.895223172864338,1265.25,160.0,756.5,136.0,1834.5,1245.75,29.175000190735,21.525000095367,0.8572791041714124
2004-04-23,14:00:00,3.2,1356.0,483.0,20.562636992329697,1312.0,174.0,729.0,147.0,1864.5,1341.5,29.575000286102,20.075000286102,0.8180917603585907
2004-04-23,15:00:00,4.4,1460.0,682.0,25.332296208368106,1437.5,260.0,680.25,196.0,1953.25,1488.75,30.0,19.400000095367,0.8100460144089966
2004-04-23,16:00:00,4.6,1497.25,698.0,25.77043437513818,1448.5,281.0,679.25,186.0,1984.75,1531.5,29.5,20.050000190735,0.8135681842377065
2004-04-23,17:00:00,5.2,1645.0,832.0,30.648568226684738,1566.0,284.0,599.25,177.0,2227.5,1909.0,26.999999523163,26.775000095367,0.9402551377278227
2004-04-23,18:00:00,4.8,1556.75,872.0,27.14486956999846,1482.5,250.0,614.5,164.0,2086.5,1757.25,24.875000476837,30.775000095367,0.9539753720704031
2004-04-23,19:00:00,5.6,1746.75,899.0,32.47902836428814,1608.0,281.0,556.5,161.0,2334.5,1982.5,23.099999427795,36.72500038147,1.0243561318064727
2004-04-23,20:00:00,4.6,1481.75,692.0,20.799216861460543,1318.5,230.0,660.25,146.0,1975.0,1702.75,21.474999904633,40.849999427795,1.0332878296964312
2004-04-23,21:00:00,1.8,1211.0,145.0,10.873367154415865,1009.75,98.0,816.0,98.0,1618.75,1245.75,20.450000286102,41.5,0.986400081513431
2004-04-23,22:00:00,2.2,1293.5,208.0,12.98013285612212,1083.0,121.0,770.25,108.0,1687.25,1320.5,19.200000286102,44.85000038147,0.98753941913091
2004-04-23,23:00:00,2.0,1299.75,204.0,11.809971767790579,1043.0,110.0,776.5,107.0,1658.75,1375.25,18.75,47.72500038147,1.0221427829620098
2004-04-24,00:00:00,2.8,1401.75,240.0,13.415907252484363,1097.5,161.0,735.75,113.0,1729.0,1455.5,18.200000286102,49.675000190735,1.0283812633306353
2004-04-24,01:00:00,2.6,1348.5,251.0,13.400778503920026,1097.0,148.0,707.0,100.0,1763.0,1442.0,16.125000238419,57.449998855591,1.045095058050404
2004-04-24,02:00:00,1.8,1160.5,173.0,8.959563141533142,937.75,109.0,826.75,87.0,1597.25,1243.25,16.325000286102,55.250000953674,1.0177596562947409
2004-04-24,03:00:00,1.1,1021.5,113.0,5.785904187585162,801.75,,915.75,,1480.5,1078.25,15.674999713898,53.624999046326,0.948307798519275
2004-04-24,04:00:00,,947.5,55.0,3.803808114179806,699.75,45.0,1045.0,60.0,1430.0,938.5,16.900000095367,49.825000762939,0.9514347298046208
2004-04-24,05:00:00,0.7,932.75,65.0,3.7465224539215742,696.5,71.0,1045.25,65.0,1402.75,936.75,14.774999856949,57.72500038147,0.9644134560182183
2004-04-24,06:00:00,0.9,1021.0,119.0,5.743678765887553,799.75,75.0,930.5,64.0,1482.5,1018.5,14.0,59.724999427795,0.9498977765254076
2004-04-24,07:00:00,1.5,1133.5,151.0,10.023350836379478,978.5,106.0,794.0,73.0,1639.0,1139.5,14.600000143051,56.799999237061,0.938491403754598
2004-04-24,08:00:00,2.5,1310.5,305.0,14.95740609824808,1147.25,166.0,681.0,86.0,1838.0,1351.25,16.700000047684,51.900000572205,0.9787538224321507
2004-04-24,09:00:00,3.0,1408.75,415.0,15.637509605786938,1168.5,188.0,684.75,105.0,1874.25,1459.25,19.97500038147,45.0,1.0390344801482154
2004-04-24,10:00:00,2.6,1301.0,321.0,12.257814222912184,1058.5,161.0,786.5,107.0,1726.5,1297.0,23.874999523163,33.674999237061,0.9837464246031371
2004-04-24,11:00:00,2.6,1354.25,358.0,14.414829980330042,1130.0,139.0,764.5,114.0,1808.0,1291.25,26.75,29.499999523163,1.020949689011369
2004-04-24,12:00:00,2.6,1391.25,350.0,14.586896875181992,1135.5,134.0,737.5,105.0,1840.0,1296.25,27.200000286102,32.35000038147,1.1493441219809502
2004-04-24,13:00:00,1.9,1199.6666666667,238.0,8.729401946538436,928.66666666667,84.0,879.33333333333,74.0,1623.0,972.33333333333,26.933333714803,32.066666285197,1.1217137840877998
2004-04-24,14:00:00,2.0,1337.75,215.0,11.039936039300839,1015.75,98.0,797.5,95.0,1766.25,1193.5,24.349999904633,41.799999237061,1.2560621443065838
2004-04-24,15:00:00,1.7,1222.5,192.0,8.953194276149835,937.5,91.0,883.5,89.0,1610.0,879.5,25.550000190735,36.049999237061,1.1628860197547655
2004-04-24,16:00:00,1.9,1278.25,205.0,10.673538660162198,1002.5,99.0,845.0,95.0,1690.5,909.25,27.0,31.825000286102,1.1175955463051759
2004-04-24,17:00:00,1.8,1256.5,165.0,9.883449559735752,973.25,90.0,860.0,93.0,1633.75,838.75,27.474999904633,31.625000476837,1.1417004803952762
2004-04-24,18:00:00,2.8,1496.5,283.0,15.718368230168373,1171.0,147.0,724.75,123.0,1899.25,1248.25,24.925000190735,38.074999809265,1.183757211430434
2004-04-24,19:00:00,3.5,1567.25,467.0,19.39709886112469,1279.5,177.0,661.0,134.0,1969.5,1475.5,23.424999713898,39.650000572205,1.1276348445850977
2004-04-24,20:00:00,3.4,1502.5,485.0,16.752370054666,1202.5,162.0,651.25,126.0,1863.0,1501.75,21.200000286102,50.77499961853,1.263127727430111
2004-04-24,21:00:00,2.0,1169.25,202.0,6.849891943840394,850.25,88.0,905.75,79.0,1584.25,872.75,15.625,73.474998474121,1.2952523673543626
2004-04-24,22:00:00,1.1,1007.25,64.0,2.971926292666244,650.25,53.0,1157.25,54.0,1403.75,528.0,12.850000143051,79.674999237061,1.1773512963252348
2004-04-24,23:00:00,1.3,1003.75,71.0,3.2477498137764584,667.25,68.0,1156.5,69.0,1365.0,492.0,11.524999856949,76.924999237061,1.043601630601386
2004-04-25,00:00:00,1.2,967.25,84.0,3.145131870638927,661.0,61.0,1180.5,67.0,1320.75,463.0,12.174999713898,66.824999809265,0.9454912670227505
2004-04-25,01:00:00,1.3,983.5,70.0,3.9329319832196465,707.0,71.0,1131.0,73.0,1359.0,493.75,12.424999952316,64.050000190735,0.9209484011668969
2004-04-25,02:00:00,1.0,931.25,61.0,3.6157421823428297,689.0,63.0,1160.75,73.0,1317.25,503.25,12.725000143051,58.700000762939,0.8604690063535181
2004-04-25,03:00:00,1.3,965.75,92.0,4.481885361504611,736.75,,1083.25,,1363.25,580.75,12.600000143051,58.64999961853,0.852855025764929
2004-04-25,04:00:00,,776.75,40.0,1.2301005968941625,521.0,23.0,1534.75,33.0,1121.25,350.0,12.450000047684,51.199999809265,0.7373695696266177
2004-04-25,05:00:00,0.3,763.0,20.0,0.7344693820247533,470.75,14.0,1783.25,20.0,1098.0,305.0,12.474999904633,50.925001144409,0.7345904167364049
2004-04-25,06:00:00,0.5,804.25,31.0,1.0554626452677138,504.5,34.0,1718.0,37.0,1148.0,328.75,12.849999904633,49.300000190735,0.7285022755033173
2004-04-25,07:00:00,0.6,830.0,41.0,1.3900029842660853,535.25,42.0,1496.25,50.0,1184.25,374.5,13.5,48.599999427795,0.7486915859719586
2004-04-25,08:00:00,0.6,832.5,40.0,1.5976545879321267,552.75,40.0,1475.5,45.0,1180.25,373.25,14.375,45.900000572205,0.7476395925538529
2004-04-25,09:00:00,0.8,874.75,35.0,2.264475119028675,603.25,48.0,1369.75,48.0,1206.25,384.5,15.099999904633,43.89999961853,0.7486775755447236
2004-04-25,10:00:00,1.0,881.5,44.0,2.5257266429937895,621.25,61.0,1345.75,56.0,1215.75,403.25,16.625000476837,38.550000190735,0.7235923749615487
2004-04-25,11:00:00,0.9,862.0,71.0,2.725755128418066,634.5,58.0,1320.0,58.0,1193.0,393.0,17.175000190735,34.950000762939,0.6789328681365581
2004-04-25,12:00:00,1.0,862.5,66.0,2.7411147981917328,635.5,57.0,1289.75,52.0,1185.0,388.25,17.400000095367,33.925000190735,0.668317434078012
2004-04-25,13:00:00,0.8,829.75,46.0,2.1661765697607542,596.25,54.0,1388.5,52.0,1145.25,371.0,17.874999523163,30.724999904633,0.6233994308689341
2004-04-25,14:00:00,0.7,806.75,50.0,1.9986514667070001,584.0,41.0,1488.0,44.0,1104.0,346.5,18.324999809265,27.199999809265,0.56746905362687
2004-04-25,15:00:00,0.9,872.5,51.0,3.376941467632198,675.0,57.0,1342.5,59.0,1181.0,395.75,19.425000190735,25.699999809265,0.5737522534125351
2004-04-25,16:00:00,1.3,930.75,64.0,4.524641622302657,739.0,83.0,1273.75,74.0,1219.0,473.75,20.150000572205,24.125,0.5630241722933084
2004-04-25,17:00:00,1.4,918.25,138.0,4.687724073925867,747.5,81.0,1228.25,76.0,1218.75,505.25,19.599999904633,24.925000190735,0.5624529362566842
2004-04-25,18:00:00,1.5,1000.5,137.0,5.977547426091629,810.75,98.0,1122.25,83.0,1343.75,624.75,18.474999904633,27.75,0.5843336421245581
2004-04-25,19:00:00,2.7,1169.25,303.0,11.695554651706665,1039.0,124.0,883.25,100.0,1549.75,940.75,17.800000190735,30.349999904633,0.6129331668071051
2004-04-25,20:00:00,2.5,1084.75,204.0,8.184612613324596,906.75,133.0,975.75,101.0,1418.75,893.0,16.574999809265,33.950000762939,0.6352593989669982
2004-04-25,21:00:00,1.4,939.5,95.0,5.106145385761624,768.75,100.0,1102.75,90.0,1309.5,730.75,15.450000047684,36.974999427795,0.6446648210741559
2004-04-25,22:00:00,2.8,1125.5,347.0,12.987594194106657,1083.25,116.0,874.5,93.0,1654.25,954.75,14.775000095367,39.47500038147,0.6595101233019042
2004-04-25,23:00:00,2.1,977.75,252.0,7.021221524297898,857.75,102.0,1013.25,79.0,1378.5,760.5,14.5,42.0,0.689566012736336
2004-04-26,00:00:00,1.1,893.0,66.0,3.8570157732997115,702.75,55.0,1192.25,57.0,1283.25,515.25,14.125000238419,44.949999809265,0.7206201232665347
2004-04-26,01:00:00,0.7,837.5,45.0,2.232676419214226,601.0,33.0,1360.5,43.0,1219.5,433.75,14.224999904633,45.450000762939,0.7332856489417178
2004-04-26,02:00:00,0.4,802.75,36.0,1.299207500464072,527.25,17.0,1513.0,25.0,1152.0,369.0,14.099999904633,45.27499961853,0.7246765108538018
2004-04-26,03:00:00,0.3,775.0,26.0,0.7878979340321447,476.75,,1721.75,,1115.0,335.0,14.0,44.25,0.703775253477656
2004-04-26,04:00:00,,767.0,17.0,0.5958837566525179,454.25,10.0,1825.5,17.0,1090.75,318.5,14.125,42.975001335144,0.6889577401797539
2004-04-26,05:00:00,0.4,808.5,21.0,1.2246417165023897,520.5,35.0,1574.5,44.0,1158.25,377.75,13.875,43.875,0.6922753480278754
2004-04-26,06:00:00,0.8,897.5,60.0,3.3979797815818547,676.25,70.0,1271.25,72.0,1306.5,516.75,13.974999904633,43.824999809265,0.6959068032265376
2004-04-26,07:00:00,1.9,1052.5,155.0,7.545991665728901,880.25,116.0,981.75,91.0,1463.5,785.75,14.400000333786,43.599999427795,0.7113047765677238
2004-04-26,08:00:00,2.1,1032.5,235.0,8.864232997095865,934.0,134.0,917.0,89.0,1489.75,844.0,15.049999952316,41.72500038147,0.709339219339063
2004-04-26,09:00:00,1.4,941.25,89.0,5.328704583249726,779.75,113.0,1079.75,84.0,1342.5,719.75,16.274999856949,38.400000572205,0.7051525395706906
2004-04-26,10:00:00,1.4,941.25,76.0,5.364484431415103,781.5,110.0,1102.25,83.0,1328.0,667.75,18.349999904633,32.349999904633,0.6759563086304701
2004-04-26,11:00:00,1.3,916.5,101.0,5.171480026065283,772.0,98.0,1097.75,78.0,1311.25,604.5,18.824999809265,31.700000762939,0.6820745762000422
2004-04-26,12:00:00,1.5,976.5,109.0,6.5572069029204405,837.25,96.0,1038.0,80.0,1413.25,646.25,19.575000286102,30.925000190735,0.6967795614568852
2004-04-26,13:00:00,1.6,993.5,143.0,6.861257747977811,850.75,95.0,1018.25,75.0,1436.25,640.25,20.175000667572,30.700000286102,0.7175643096065705
2004-04-26,14:00:00,1.3,942.25,104.0,5.426058636400471,784.5,86.0,1065.0,77.0,1365.0,570.75,19.724999904633,32.524999141693,0.7395938437104213
2004-04-26,15:00:00,1.4,981.0,107.0,5.961475539335539,810.0,86.0,1059.75,77.0,1394.5,604.75,20.674999713898,31.550000190735,0.7602434196106473
2004-04-26,16:00:00,1.5,983.5,133.0,6.4460893359755085,832.25,91.0,1033.75,81.0,1409.5,635.5,19.97500038147,32.674999237061,0.7544544632471781
2004-04-26,17:00:00,2.2,1116.25,171.0,10.687269183772557,1003.0,119.0,864.25,101.0,1625.25,886.25,18.64999961853,35.39999961853,0.7535139723636176
2004-04-26,18:00:00,3.2,1180.5,405.0,13.903862790799815,1113.5,147.0,787.0,119.0,1685.25,1032.25,18.349999427795,35.89999961853,0.7501338664108033
2004-04-26,19:00:00,3.0,1163.0,334.0,12.521106305109699,1067.5,135.0,811.25,111.0,1615.75,977.25,17.800000190735,37.47500038147,0.7568260537755555
2004-04-26,20:00:00,2.6,1081.0,236.0,9.267535472195304,949.75,124.0,907.25,109.0,1496.25,924.25,17.275000095367,38.800000190735,0.7584312484673534
2004-04-26,21:00:00,1.6,1016.75,99.0,6.657904148776321,841.75,89.0,999.75,101.0,1440.75,845.5,17.300000190735,38.800001144409,0.7596125869987758
2004-04-26,22:00:00,1.5,966.0,93.0,5.287938393096692,777.75,79.0,1056.75,89.0,1358.5,754.75,16.400000095367,40.75,0.7541909167081108
2004-04-26,23:00:00,1.2,924.25,82.0,3.9733780589080423,709.25,63.0,1158.0,75.0,1318.0,609.75,16.049999952316,41.35000038147,0.7486807166667311
2004-04-27,00:00:00,0.8,860.75,51.0,2.2362001380106826,601.25,39.0,1351.0,51.0,1225.25,439.25,15.400000095367,43.049999237061,0.7482204738322885
2004-04-27,01:00:00,0.7,826.0,41.0,1.681021836007109,559.5,25.0,1424.25,39.0,1197.0,402.0,15.724999904633,42.499999046326,0.7539415879345778
2004-04-27,02:00:00,0.5,845.5,31.0,1.6499343670822566,557.0,19.0,1384.75,32.0,1211.5,405.5,15.625000238419,43.400000572205,0.7650759509458752
2004-04-27,03:00:00,0.5,841.5,41.0,1.5071531584625262,545.25,,1423.0,,1223.5,423.5,15.225000143051,45.75,0.7864136575111876
2004-04-27,04:00:00,,909.0,41.0,2.4580520464325195,616.66666666667,34.0,1236.0,49.0,1301.6666666667,558.0,14.666666666667,49.900000254313,0.8279772179473227
2004-04-27,05:00:00,0.7,929.75,38.0,3.2891897227614906,669.75,58.0,1142.75,68.0,1339.25,745.75,15.525000095367,47.27499961853,0.8281528051038762
2004-04-27,06:00:00,1.4,1119.5,111.0,8.889611855025933,935.0,112.0,842.75,76.0,1593.0,1125.5,14.425000190735,53.099999427795,0.8676673694217866
2004-04-27,07:00:00,4.1,1518.25,584.0,23.419667517994302,1388.5,314.0,588.5,122.0,2100.75,1703.0,15.899999856949,48.52499961853,0.8703505697133659
2004-04-27,08:00:00,4.6,1460.75,633.0,23.766162497512138,1397.5,240.0,629.75,129.0,2050.0,1627.5,18.124999523163,40.25,0.8294048076917425
2004-04-27,09:00:00,1.9,1074.75,145.0,7.916840904491177,895.75,128.0,937.5,94.0,1487.25,935.75,19.574999809265,35.949999809265,0.8099991662075281
2004-04-27,10:00:00,1.9,1061.25,155.0,8.215281246107265,908.0,141.0,967.5,99.0,1455.0,890.25,22.77499961853,29.099999904633,0.7960264456666307
2004-04-27,11:00:00,1.7,1065.75,128.0,8.794600710564875,931.25,118.0,978.5,81.0,1474.0,757.0,24.750000476837,25.324999332428,0.7792513596813168
2004-04-27,12:00:00,2.4,1179.0,255.0,14.61827524856374,1136.5,132.0,829.0,87.0,1651.25,948.5,27.150000095367,21.97500038147,0.7784673881581229
2004-04-27,13:00:00,3.0,1251.0,411.0,17.95116314189409,1238.0,150.0,772.5,107.0,1779.0,1108.75,28.150000095367,20.449999809265,0.7677328297830364
2004-04-27,14:00:00,2.0,1120.0,173.0,11.953660413569477,1048.0,121.0,898.0,95.0,1560.25,869.75,25.425000190735,24.150000095367,0.7733080989191695
2004-04-27,15:00:00,2.7,1187.25,277.0,14.791369810159708,1142.0,149.0,839.5,110.0,1651.0,1011.25,25.700000286102,23.775000095367,0.7737214718444138
2004-04-27,16:00:00,2.2,1144.5,259.0,12.477058689205466,1066.0,120.0,903.25,99.0,1592.0,885.25,27.150000095367,22.050000190735,0.7811242666390039
2004-04-27,17:00:00,2.9,1214.5,274.0,15.500458201665193,1164.25,155.0,817.0,113.0,1689.0,1015.25,27.025000095367,22.349999904633,0.7860073099655001
2004-04-27,18:00:00,3.4,1317.0,377.0,17.703472052446337,1230.75,172.0,765.5,127.0,1798.0,1154.75,24.52499961853,27.775000095367,0.8433262542377049
2004-04-27,19:00:00,3.9,1387.5,457.0,21.617763484967565,1340.75,177.0,702.25,131.0,1954.75,1314.75,23.674999713898,30.199999332428,0.8717841488608524
2004-04-27,20:00:00,3.6,1295.25,555.0,18.930259427115473,1266.25,181.0,716.25,137.0,1848.5,1358.75,21.500000476837,34.52499961853,0.8746206669064477
2004-04-27,21:00:00,2.5,1152.75,279.0,12.469723854570224,1065.75,135.0,810.5,122.0,1651.0,1194.0,19.875000476837,37.799999237061,0.8674691211087054
2004-04-27,22:00:00,1.8,1077.5,137.0,8.80092124258785,931.5,99.0,904.5,100.0,1511.0,950.5,18.89999961853,40.574999809265,0.8770756368123217
2004-04-27,23:00:00,2.0,1132.5,203.0,10.942639647639274,1012.25,111.0,806.0,108.0,1607.5,1054.25,17.900000095367,43.5,0.8839687641619655
2004-04-28,00:00:00,1.3,1055.0,101.0,7.9894928266871235,898.75,72.0,880.25,83.0,1504.0,979.5,17.375,46.324999809265,0.911177317011978
2004-04-28,01:00:00,1.0,953.0,86.0,4.448750215974709,735.0,54.0,999.0,74.0,1395.75,898.0,18.099999904633,44.650000572205,0.9186499324234736
2004-04-28,02:00:00,0.6,891.75,51.0,2.799040891215181,639.25,41.0,1138.5,64.0,1358.5,802.75,16.500000238419,50.10000038147,0.9330625744187726
2004-04-28,03:00:00,0.6,894.5,47.0,2.6798971089361516,631.5,,1167.0,,1346.75,684.25,14.150000095367,56.924999237061,0.9140512637001603
2004-04-28,04:00:00,,858.75,35.0,2.246785504993861,602.0,24.0,1209.25,40.0,1320.75,643.75,14.699999809265,56.175000190735,0.9340680876731187
2004-04-28,05:00:00,0.5,856.0,33.0,2.485027842230557,618.5,29.0,1191.25,39.0,1345.0,676.75,16.325000286102,52.77499961853,0.9721676840828803
2004-04-28,06:00:00,1.1,1030.0,95.0,7.528239978446694,879.5,76.0,892.0,69.0,1538.5,996.0,13.899999856949,60.724999427795,0.9596686100859407
2004-04-28,07:00:00,5.5,1688.75,754.0,30.401498663833067,1560.25,321.0,528.75,104.0,2395.5,1735.75,15.000000238419,58.27499961853,0.9875674041302506
2004-04-28,08:00:00,4.2,1486.25,588.0,22.00871347255381,1351.25,274.0,571.0,100.0,2111.75,1692.0,16.125000238419,54.75,0.9959783388697335
2004-04-28,09:00:00,4.6,1591.75,658.0,24.7400051194649,1422.5,322.0,577.0,146.0,2155.25,2108.25,19.250000476837,46.400000572205,1.024811418373179
2004-04-28,10:00:00,3.4,1468.75,372.0,18.424945508834465,1251.75,255.0,691.5,155.0,1903.25,1806.75,24.22500038147,33.849999904633,1.0096508428997506
2004-04-28,11:00:00,2.8,1364.0,386.0,16.835634342955675,1205.0,196.0,722.75,139.0,1850.25,1565.75,26.699999809265,28.675000190735,0.989504345988321
2004-04-28,12:00:00,2.5,1284.75,333.0,14.204847863924446,1123.25,136.0,754.75,121.0,1741.25,1293.0,27.35000038147,28.174999713898,1.0097873861920998
2004-04-28,13:00:00,2.4,1310.5,293.0,15.669831720124469,1169.5,119.0,747.75,108.0,1786.75,1219.25,28.124999523163,26.925000190735,1.0093561026889535
2004-04-28,14:00:00,3.2,1416.0,511.0,21.887385978147933,1348.0,169.0,684.0,126.0,1968.75,1329.75,27.699999809265,26.5,0.9692616829149175
2004-04-28,15:00:00,3.5,1387.25,559.0,20.771860311810173,1317.75,197.0,700.5,145.0,1889.5,1298.5,28.424999713898,23.424999713898,0.893508151625435
2004-04-28,16:00:00,2.9,1329.25,375.0,16.158072457294086,1184.5,140.0,768.25,121.0,1750.0,1111.0,28.39999961853,26.049999713898,0.9922010888223821
2004-04-28,17:00:00,3.6,1495.75,509.0,19.82407389759504,1291.5,178.0,680.25,145.0,1878.25,1299.75,27.349999427795,30.0,1.0751950386271245
2004-04-28,18:00:00,4.8,1675.75,790.0,28.89504382424004,1524.75,223.0,567.25,160.0,2226.0,1652.5,24.324999809265,37.324999809265,1.1199288088642156
2004-04-28,19:00:00,5.4,1724.0,816.0,28.268345312814752,1509.75,222.0,562.25,155.0,2252.25,1716.25,23.074999809265,42.174999237061,1.1746123328907798
2004-04-28,20:00:00,5.3,1641.75,804.0,24.85798525395304,1425.5,265.0,597.0,162.0,2117.25,1719.75,21.75,43.64999961853,1.1226178441823345
2004-04-28,21:00:00,2.7,1266.75,332.0,13.137204610141337,1088.25,151.0,764.25,129.0,1740.0,1338.5,19.825000286102,46.775000572205,1.0701576047605204
2004-04-28,22:00:00,1.4,1145.75,156.0,8.587110474608117,923.0,79.0,845.0,96.0,1574.75,1165.75,19.575000286102,49.800000190735,1.1220573024878753
2004-04-28,23:00:00,1.6,1215.5,143.0,9.521023174945546,959.5,87.0,787.75,92.0,1662.25,1255.75,17.900000095367,56.199999809265,1.14204699717928
2004-04-29,00:00:00,1.5,1127.75,117.0,7.796383745721157,890.75,88.0,837.5,89.0,1574.0,1124.5,17.400000095367,55.64999961853,1.096296676268126
2004-04-29,01:00:00,1.0,1041.75,84.0,5.166441714864394,771.75,51.0,923.25,61.0,1495.0,968.25,16.775000572205,59.47500038147,1.1268757810006673
2004-04-29,02:00:00,0.6,925.5,60.0,2.795163092071645,639.0,34.0,1115.25,54.0,1409.0,814.0,15.924999713898,60.14999961853,1.0805544901035757
2004-04-29,03:00:00,0.4,898.0,76.0,2.335824002116313,608.25,,1154.25,,1385.5,743.25,15.625000476837,61.175001144409,1.0784221718965024
2004-04-29,04:00:00,,889.0,40.0,2.4592754951494102,616.75,31.0,1167.5,44.0,1381.75,757.75,14.550000190735,63.424999237061,1.0446359723374126
2004-04-29,05:00:00,0.8,958.75,64.0,4.42043213737691,733.5,76.0,1038.0,57.0,1469.5,860.5,13.325000047684,66.975002288818,1.0202793236611638
2004-04-29,06:00:00,1.5,1096.5,148.0,9.42969212863617,956.0,139.0,826.5,68.0,1620.0,1046.75,12.875,66.52499961853,0.984613721630688
2004-04-29,07:00:00,4.9,1674.0,635.0,29.814141140129138,1546.5,293.0,539.25,95.0,2404.5,1665.25,14.775000095367,61.27499961853,1.0237234240208
2004-04-29,08:00:00,7.2,1771.25,1129.0,36.15925682152963,1689.5,368.0,461.25,125.0,2572.25,1982.0,16.125000238419,56.474999427795,1.0273584679043728
2004-04-29,09:00:00,3.5,1408.25,475.0,18.03691385773884,1240.5,250.0,647.5,135.0,1886.0,1711.25,18.60000038147,47.800000190735,1.0143235315700396
2004-04-29,10:00:00,2.1,1155.5,220.0,10.852621988236002,1009.0,145.0,874.5,118.0,1583.0,1203.5,23.75,30.249999523163,0.8771387751986929
2004-04-29,11:00:00,1.5,1041.75,105.0,9.029748042099776,940.5,110.0,971.0,91.0,1490.5,871.25,25.375,24.950000286102,0.7965749314193643
2004-04-29,12:00:00,2.0,1167.0,190.0,14.352476125785513,1128.0,104.0,828.75,89.0,1716.25,1040.25,25.550000190735,25.52499961853,0.8233749192460219
2004-04-29,13:00:00,3.8,1397.75,516.0,22.336784407921467,1360.0,205.0,656.25,129.0,2037.25,1438.75,24.949999809265,29.949999809265,0.9325265341358673
2004-04-29,14:00:00,3.4,1457.5,346.0,20.87224268918105,1320.5,201.0,654.0,122.0,2023.25,1516.0,22.449999809265,37.874999046326,1.0160472032092285
2004-04-29,15:00:00,4.4,1554.0,565.0,23.05627912378712,1379.0,266.0,613.5,138.0,2151.25,1692.75,21.650000095367,43.97500038147,1.1241654272811101
2004-04-29,16:00:00,3.9,1495.0,483.0,21.23900702566938,1330.5,246.0,615.25,136.0,2068.75,1635.25,21.375,44.449999809265,1.1175650104883064
2004-04-29,17:00:00,4.9,1559.75,651.0,24.779305241893294,1423.5,247.0,579.0,143.0,2175.5,1687.5,20.824999809265,45.300000190735,1.101569728162644
2004-04-29,18:00:00,5.4,1663.5,657.0,28.633207537838935,1518.5,271.0,553.25,145.0,2312.25,1819.5,20.175000190735,48.575000762939,1.1353643500764277
2004-04-29,19:00:00,6.5,1760.6666666667,830.0,32.5820457260387,1610.3333333333,332.0,502.0,146.0,2488.3333333333,2006.0,20.233333587646,50.833334604899,1.1923862693264655
2004-04-29,20:00:00,4.3,1524.0,435.0,19.238006003954073,1275.0,245.0,607.75,122.0,2046.25,1740.25,18.599999904633,57.64999961853,1.2233420346122454
2004-04-29,21:00:00,2.9,1398.25,209.0,16.28934734607158,1188.5,180.0,646.0,112.0,1930.75,1577.0,18.199999809265,58.800000190735,1.21728870586828
2004-04-29,22:00:00,2.7,1341.5,202.0,13.666581289855579,1105.75,156.0,694.0,102.0,1856.0,1443.0,17.849999427795,60.97500038147,1.2352448991120721
2004-04-29,23:00:00,2.8,1432.75,174.0,13.605630197714015,1103.75,172.0,681.0,97.0,1876.25,1411.25,16.974999904633,70.650001525879,1.3554282038616814
2004-04-30,00:00:00,2.3,1297.25,170.0,11.123625027988625,1018.75,137.0,732.75,85.0,1822.75,1216.5,16.200000286102,76.875,1.405058710711074
2004-04-30,01:00:00,1.7,1178.75,116.0,7.6350173007290705,884.0,91.0,830.0,76.0,1696.25,1086.0,15.725000143051,78.599998474121,1.3943484677671674
2004-04-30,02:00:00,1.2,1096.75,91.0,5.940075060201868,809.0,80.0,897.25,74.0,1628.25,1049.5,15.724999904633,78.449998855591,1.391687483243912
2004-04-30,03:00:00,1.0,1053.75,71.0,4.951779114948694,761.0,,962.75,,1597.75,964.5,15.674999952316,77.375,1.3683043042727925
2004-04-30,04:00:00,,1017.25,59.0,4.00495801135597,711.0,46.0,1008.5,56.0,1554.25,906.25,15.400000095367,78.450000762939,1.36348194618451
2004-04-30,05:00:00,0.8,1005.0,48.0,4.500866777005056,737.75,68.0,1004.5,66.0,1563.25,916.5,15.650000095367,74.724998474121,1.3193632938493325
2004-04-30,06:00:00,1.7,1205.75,111.0,9.25461476874498,949.25,162.0,818.25,90.0,1771.0,1115.75,15.924999713898,73.125001907349,1.3136417232075381
2004-04-30,07:00:00,3.0,1457.75,345.0,18.32976825325144,1249.0,213.0,662.0,111.0,2033.0,1379.75,16.550000190735,68.174999237061,1.2736706850791155
2004-04-30,08:00:00,3.4,1405.25,332.0,19.940394484258096,1294.75,161.0,638.0,103.0,2064.5,1377.5,18.724999904633,57.625000953674,1.2322741844588934
2004-04-30,09:00:00,3.3,1381.25,344.0,16.619513457363613,1198.5,209.0,684.75,117.0,1969.5,1364.75,17.574999809265,65.0,1.2944974971974041
2004-04-30,10:00:00,2.7,1314.5,212.0,12.646267058074494,1071.75,191.0,735.5,116.0,1833.25,1273.0,16.299999237061,73.174999237061,1.3458453405509414
2004-04-30,11:00:00,2.6,1332.25,166.0,12.935403223060518,1081.5,215.0,706.5,109.0,1889.0,1241.5,16.049999713898,78.47500038147,1.4208637993827462
2004-04-30,12:00:00,3.2,1361.5,214.0,14.878242654505954,1144.75,212.0,673.0,116.0,1972.5,1294.25,17.25,72.375001907349,1.4125279130664443
2004-04-30,13:00:00,3.4,1398.5,377.0,17.389585098903208,1221.5,202.0,642.5,115.0,2060.75,1413.0,19.35000038147,60.949999809265,1.354460230949523
2004-04-30,14:00:00,2.6,1310.25,210.0,15.363921475301675,1160.0,153.0,694.75,94.0,1939.25,1224.25,21.39999961853,50.924999237061,1.2822989259862503
2004-04-30,15:00:00,3.4,1399.25,265.0,16.685885382952215,1200.5,185.0,699.25,121.0,1971.25,1317.75,22.699999809265,45.77499961853,1.2465484083637006
2004-04-30,16:00:00,4.0,1523.5,365.0,17.99401672262385,1239.25,210.0,643.5,114.0,2138.75,1403.5,20.900000572205,60.800001144409,1.485238238323089
2004-04-30,17:00:00,4.5,1487.0,454.0,19.202727916183612,1274.0,215.0,640.5,110.0,2132.75,1470.75,21.025000095367,54.250000953674,1.335327842414273
2004-04-30,18:00:00,4.2,1479.75,460.0,20.99114229848315,1323.75,215.0,622.0,122.0,2162.25,1623.0,20.775000095367,54.425001144409,1.3194487672820148
2004-04-30,19:00:00,5.7,1625.75,642.0,26.87975794179499,1476.0,281.0,555.0,135.0,2355.75,1786.0,19.800000190735,58.625,1.3392217061321487
2004-04-30,20:00:00,4.4,1449.25,501.0,19.494597136811635,1282.25,254.0,625.0,133.0,2099.5,1568.5,19.075000286102,61.075000762939,1.3344998617192159
2004-04-30,21:00:00,3.1,1362.5,234.0,15.100351352212376,1151.75,189.0,683.75,110.0,1951.25,1494.75,18.200000286102,65.350002288818,1.3528881259062195
2004-04-30,22:00:00,3.0,1371.25,212.0,14.59473877353001,1135.75,174.0,689.0,102.0,1926.75,1471.25,18.074999809265,66.10000038147,1.357868855272095
2004-04-30,23:00:00,3.1,1406.25,275.0,13.697100382456913,1106.75,167.0,718.25,108.0,1871.5,1383.75,17.699999809265,66.875,1.3422182010696533
2004-05-01,00:00:00,3.5,1424.5,275.0,15.187991985721865,1154.5,185.0,709.25,110.0,1935.75,1788.75,17.775000095367,66.750001907349,1.345959864201086
2004-05-01,01:00:00,2.4,1179.0,,9.293399930759755,950.75,129.0,825.75,84.0,1723.5,1322.5,17.275000095367,68.27499961853,1.3345848697226224
2004-05-01,02:00:00,1.6,1046.75,,6.462705341030986,833.0,85.0,939.25,71.0,1647.25,1081.0,16.525000095367,70.224998474121,1.3099186335166972
2004-05-01,03:00:00,1.3,1009.25,,6.280933632518836,824.75,,950.0,,1628.5,937.75,15.650000095367,73.075000762939,1.2902305208881812
2004-05-01,04:00:00,,882.25,,3.542514346206186,684.75,35.0,1133.5,42.0,1492.0,672.75,16.174999952316,69.89999961853,1.2755733418332384
2004-05-01,05:00:00,0.6,858.0,,2.566706973107863,624.0,24.0,1205.25,32.0,1434.25,543.0,16.650000095367,67.124999046326,1.2619229465477226
2004-05-01,06:00:00,0.7,874.5,,3.104478541444618,658.5,30.0,1180.0,35.0,1451.75,561.25,16.724999904633,66.874998092651,1.2631312913600283
2004-05-01,07:00:00,1.2,1012.0,,6.451625978003892,832.5,75.0,915.75,67.0,1632.25,861.75,16.875000476837,66.549999237061,1.2688256915163194
2004-05-01,08:00:00,1.5,1049.25,,6.534918634306473,836.25,79.0,926.0,73.0,1615.0,900.75,17.724999427795,61.97500038147,1.245804234450369
2004-05-01,09:00:00,1.8,1131.0,,8.81989445253267,932.25,104.0,854.25,86.0,1692.75,1048.25,19.425000190735,54.574999809265,1.218386356145657
2004-05-01,10:00:00,2.1,1119.5,,8.781965454686262,930.75,118.0,885.75,89.0,1651.5,970.5,21.575000286102,46.075000762939,1.1725221760612545
2004-05-01,11:00:00,1.9,1117.25,,9.15795459328947,945.5,105.0,909.0,86.0,1656.5,915.0,24.625,36.674999237061,1.1201715962503869
2004-05-01,12:00:00,2.0,1109.5,,9.209452844252331,947.5,101.0,900.5,86.0,1632.0,890.75,26.000000476837,31.900001049042,1.0565930479855168
2004-05-01,13:00:00,1.3,961.75,,6.0797640503425585,815.5,65.0,1043.75,66.0,1489.25,627.75,25.575000286102,31.52499961853,1.0184177367979412
2004-05-01,14:00:00,1.3,963.25,,6.512662727014059,835.25,59.0,1028.5,68.0,1495.25,555.75,24.775000572205,34.774998664856,1.0716122290175427
2004-05-01,15:00:00,1.8,1050.25,,9.215898780684322,947.75,80.0,928.0,82.0,1583.75,651.5,26.125,30.275000572205,1.0101488818677111
2004-05-01,16:00:00,2.0,1053.25,,8.276765149047742,910.5,98.0,948.75,91.0,1603.25,683.0,25.474999904633,33.525000572205,1.076671251067215
2004-05-01,17:00:00,1.8,1044.75,,8.25214813535065,909.5,89.0,947.5,95.0,1597.5,623.75,23.674999713898,37.22500038147,1.0745750328232098
2004-05-01,18:00:00,2.4,1123.75,,10.963457959141822,1013.0,114.0,849.25,104.0,1675.75,732.75,22.25,38.949999809265,1.0323931961051376
2004-05-01,19:00:00,4.0,1329.75,,14.712582780369386,1139.5,195.0,759.25,131.0,1780.25,1062.25,20.650000095367,42.799999237061,1.029761382249692
2004-05-01,20:00:00,2.8,1170.75,,10.762921529695845,1005.75,156.0,834.75,112.0,1673.75,988.25,18.974999904633,51.675000190735,1.1221836115191808
2004-05-01,21:00:00,2.0,1085.0,,9.377671550694837,954.0,109.0,866.25,100.0,1655.5,870.5,17.75,55.500000953674,1.1173779602099327
2004-05-01,22:00:00,3.6,1358.25,,14.838728111641782,1143.5,184.0,727.0,115.0,1851.25,1242.5,17.39999961853,57.574999809265,1.1342188587141384
2004-05-01,23:00:00,3.7,1385.0,,13.310158892741038,1094.0,190.0,764.75,129.0,1768.75,1174.5,17.574999809265,58.47500038147,1.1645498714220024
2004-05-02,00:00:00,2.3,1167.0,,8.369357194834848,914.25,105.0,876.0,99.0,1599.25,1125.5,17.224999904633,59.275000572205,1.1550581821163557
2004-05-02,01:00:00,1.8,1072.0,,7.862537749302659,893.5,76.0,892.5,74.0,1645.5,1118.0,17.050000190735,60.35000038147,1.163250473616806
2004-05-02,02:00:00,0.9,938.25,,5.524163125188419,789.25,38.0,988.75,55.0,1535.75,864.0,16.400000095367,62.175000190735,1.1507195187773593
2004-05-02,03:00:00,1.6,999.75,,6.573944331732766,838.0,,909.5,,1580.0,942.0,14.849999904633,67.625,1.1351921625980057
2004-05-02,04:00:00,,854.25,,3.2975045724737595,670.25,26.0,1141.25,35.0,1460.0,683.5,14.824999809265,65.800001144409,1.10280957461542
2004-05-02,05:00:00,0.6,814.75,,2.630592414772159,628.25,33.0,1211.75,37.0,1425.5,689.25,14.650000095367,65.22500038147,1.0811178640049033
2004-05-02,06:00:00,0.7,865.5,,3.6200695828222633,689.25,57.0,1138.25,45.0,1456.25,766.5,13.125,70.174999237061,1.0554236171580664
2004-05-02,07:00:00,0.8,910.5,,4.755590080852426,751.0,48.0,1035.75,46.0,1518.0,816.5,14.299999952316,66.174999237061,1.072763358668052
2004-05-02,08:00:00,1.2,987.5,,5.876070610205183,806.0,87.0,951.25,68.0,1568.25,940.25,15.950000047684,61.599999427795,1.10834256581309
2004-05-02,09:00:00,1.4,1046.0,,6.872631584563263,851.25,94.0,919.5,77.0,1595.25,907.75,17.724999904633,56.425000190735,1.1342397065630485
2004-05-02,10:00:00,1.6,1084.6666666667,,8.45410087335922,917.66666666667,89.0,890.0,79.0,1639.0,871.33333333333,21.266667048136,44.666666666667,1.1156688877553151
2004-05-02,11:00:00,1.3,1007.75,,6.085164330889835,815.75,78.0,1015.0,72.0,1530.75,689.25,23.575000286102,36.35000038147,1.0430787108638022
2004-05-02,12:00:00,1.3,1004.25,,6.199041963295953,821.0,72.0,1030.75,68.0,1510.0,628.5,24.25,33.974999427795,1.0148846185036786
2004-05-02,13:00:00,1.1,948.0,,4.814091628341016,754.0,64.0,1086.0,64.0,1436.25,601.75,24.400000095367,32.724999904633,0.9862855796735776
2004-05-02,14:00:00,1.2,1026.25,,6.7818659104834325,847.25,70.0,1009.75,73.0,1518.75,617.25,24.550000190735,31.724999427795,0.9646873238601724
2004-05-02,15:00:00,1.5,1046.5,,7.044201699807389,858.75,92.0,947.5,84.0,1537.75,676.75,23.875,34.300000190735,1.0020045812528013
2004-05-02,16:00:00,1.1,1017.5,,5.539721776547866,790.0,69.0,1046.75,67.0,1443.25,579.75,25.925000667572,28.074999809265,0.9258167360132992
2004-05-02,17:00:00,1.9,1159.5,,9.462267272690145,957.25,131.0,883.75,106.0,1637.25,860.75,24.525000095367,32.324999809265,0.9814769283213975
2004-05-02,18:00:00,2.3,1268.5,,11.910476043392213,1046.5,144.0,808.5,114.0,1720.75,1079.75,22.550000190735,39.274998664856,1.0599529419624234
2004-05-02,19:00:00,3.3,1394.0,,13.811805346219717,1110.5,209.0,736.0,123.0,1853.25,1287.5,21.224999904633,47.47500038147,1.182824505154326
2004-05-02,20:00:00,2.6,1291.75,,10.687269183772557,1003.0,170.0,788.75,108.0,1753.0,1163.0,19.924999713898,54.874999046326,1.263178057417721
2004-05-02,21:00:00,2.2,1211.75,,9.698220270852254,966.25,152.0,840.0,100.0,1690.75,1043.25,19.425000667572,52.14999961853,1.1642482838108648
2004-05-02,22:00:00,2.3,1137.25,,10.197722066388899,985.0,171.0,857.75,118.0,1606.5,1044.75,19.400000095367,42.550000190735,0.9484724384186732
2004-05-02,23:00:00,2.0,1080.25,,8.264452734590268,910.0,153.0,922.75,121.0,1547.5,928.75,19.125,44.074999809265,0.9660119102844416
2004-05-03,00:00:00,1.6,1030.75,,7.096024091253,861.0,97.0,903.0,94.0,1533.5,824.5,18.02499961853,49.25,1.0085973595317215
2004-05-03,01:00:00,0.8,916.5,,3.03588610173811,654.25,37.0,1169.25,52.0,1414.0,545.25,17.624999523163,54.64999961853,1.0917594257775494
2004-05-03,02:00:00,0.6,888.0,,2.1870838868752016,597.75,26.0,1228.25,39.0,1396.75,499.75,16.400000095367,62.100001335144,1.149331458516004
2004-05-03,03:00:00,0.4,871.5,,1.7344371607597269,563.75,,1284.0,,1385.0,493.5,15.600000143051,65.25,1.148448538924949
2004-05-03,04:00:00,,875.5,,1.5280687741425976,547.0,25.0,1256.25,33.0,1351.0,504.75,15.950000047684,61.374999046326,1.104294229734799
2004-05-03,05:00:00,0.7,963.75,,3.7465224539215742,696.5,61.0,1066.5,57.0,1515.75,716.75,15.75,64.250000953674,1.1415767579524452
2004-05-03,06:00:00,1.3,1146.5,,8.172358854909016,906.25,152.0,815.25,80.0,1686.75,1126.25,15.950000286102,65.825000762939,1.1843612339424976
2004-05-03,07:00:00,3.4,1492.75,,21.128691785644097,1327.5,283.0,577.25,101.0,2193.25,1596.75,16.824999809265,62.450000762939,1.1869445012387092
2004-05-03,08:00:00,4.7,1597.0,,26.484172419185324,1466.25,320.0,517.75,109.0,2399.75,1687.0,16.900000095367,66.050000190735,1.261259671305628
2004-05-03,09:00:00,3.4,1483.25,,17.389585098903208,1221.5,318.0,596.5,109.0,2054.25,1529.0,17.375000476837,68.925003051758,1.3557021365898116
2004-05-03,10:00:00,2.5,1221.5,,12.883301872920768,1079.75,201.0,741.5,111.0,1754.75,1366.25,21.35000038147,44.97500038147,1.129054437708608
2004-05-03,11:00:00,2.0,1060.25,,10.880285962841752,1010.0,135.0,857.75,102.0,1623.0,1074.25,23.925000190735,30.724999904633,0.9002430484051406
2004-05-03,12:00:00,1.9,1047.75,,10.963457959141822,1013.0,127.0,885.75,96.0,1583.75,940.25,26.75,25.200000286102,0.8721333176626332
2004-05-03,13:00:00,1.7,1050.5,,10.824988044464702,1008.0,102.0,911.25,90.0,1561.0,920.5,28.425000190735,23.550000190735,0.8982761143024537
2004-05-03,14:00:00,1.4,997.5,,9.969956267880697,976.5,74.0,946.75,69.0,1495.75,695.25,30.324999809265,20.075000286102,0.8539255124155407
2004-05-03,15:00:00,1.5,1057.75,,11.242645342095422,1023.0,81.0,895.5,74.0,1580.0,795.0,30.925000190735,19.650000095367,0.8648787402940972
2004-05-03,16:00:00,2.4,1203.25,,16.80230750836118,1204.0,129.0,790.0,102.0,1744.25,1078.5,30.249999523163,20.474999904633,0.8672227776430012
2004-05-03,17:00:00,3.9,1491.0,,23.55415774776459,1392.0,190.0,629.5,128.0,2149.0,1473.25,26.400000095367,34.574999809265,1.172355353576438
2004-05-03,18:00:00,4.2,1467.0,,23.28550574957621,1385.0,192.0,622.5,130.0,2084.25,1492.5,24.949999809265,39.39999961853,1.226762782077091
2004-05-03,19:00:00,3.7,1407.25,,19.370544598978416,1278.75,163.0,659.75,120.0,2008.5,1308.0,23.5,43.699999809265,1.24839178565879
2004-05-03,20:00:00,3.2,1323.5,,13.054828473500859,1085.5,149.0,692.0,113.0,1902.5,1188.75,19.349999904633,63.124999046326,1.4027940697640735
2004-05-03,21:00:00,2.0,1213.75,,9.790648164067562,969.75,119.0,777.0,100.0,1771.25,1075.5,18.749999523163,64.599998474121,1.383560392904387
2004-05-03,22:00:00,1.1,1015.5,,5.338916979838759,780.25,61.0,966.5,70.0,1565.75,806.0,19.499999523163,57.10000038147,1.2806341900341276
2004-05-03,23:00:00,1.5,1134.5,,6.669133099118774,842.25,84.0,872.0,83.0,1652.75,972.75,18.89999961853,62.549999237061,1.3520907127873452
2004-05-04,00:00:00,1.3,1064.75,,5.513801056881632,788.75,79.0,936.0,81.0,1620.25,929.0,18.424999713898,65.75,1.3802335381691933
2004-05-04,01:00:00,1.0,999.0,,3.6721703843577305,692.25,58.0,1037.75,69.0,1588.25,777.5,16.424999713898,79.199998855591,1.4681109020756793
2004-05-04,02:00:00,0.6,910.5,,2.1975696365984105,598.5,32.0,1189.25,48.0,1516.75,633.25,16.124999523163,80.049999237061,1.4562203048020994
2004-05-04,03:00:00,0.4,872.5,,1.498226967449557,544.5,,1307.5,,1471.0,497.0,15.649999856949,81.000001907349,1.4301563050688808
2004-05-04,04:00:00,,880.75,,1.51908989134763,546.25,21.0,1334.5,28.0,1465.0,457.75,15.550000190735,81.025001525879,1.4216154627242876
2004-05-04,05:00:00,0.6,966.5,,2.900666704377631,645.75,49.0,1116.75,47.0,1552.0,578.5,15.675000190735,80.5,1.4235670196726942
2004-05-04,06:00:00,1.9,1280.0,,9.943304590471374,975.5,180.0,780.0,88.0,1911.75,1002.75,16.025000095367,80.775001525879,1.4602133960491046
2004-05-04,07:00:00,4.5,1564.25,,23.03722055740186,1378.5,302.0,551.5,109.0,2306.0,1393.0,16.550000190735,77.999998092651,1.457224966902974
2004-05-04,08:00:00,4.3,1505.25,,22.25222568641504,1357.75,258.0,555.5,113.0,2248.25,1406.25,16.125,79.150001525879,1.4398481435941537
2004-05-04,09:00:00,3.2,1308.5,,16.20724746898854,1186.0,192.0,648.5,104.0,1973.0,1307.75,17.650000095367,70.825000762939,1.4170908184750293
2004-05-04,10:00:00,1.3,1035.0,,7.904759767489353,895.25,84.0,897.5,65.0,1656.75,862.5,20.250000476837,54.799999237061,1.2867391220858684
2004-05-04,11:00:00,2.2,1147.75,,12.352616700065974,1061.75,128.0,753.25,87.0,1825.0,1003.75,21.200000286102,49.325000762939,1.227056161245982
2004-05-04,12:00:00,2.6,1151.75,,13.620857081130447,1104.25,145.0,724.75,99.0,1859.5,1022.75,21.549999713898,47.925000190735,1.2177590855921783
2004-05-04,13:00:00,2.3,1130.5,,12.279664077200536,1059.25,132.0,771.5,100.0,1784.25,977.75,21.449999809265,47.699999809265,1.2047328268422461
2004-05-04,14:00:00,2.4,1141.75,,12.105330063304645,1053.25,136.0,753.25,105.0,1813.5,979.25,20.35000038147,54.0,1.2757105297944211
2004-05-04,15:00:00,2.6,1197.25,,12.935403223060518,1081.5,140.0,752.75,97.0,1851.25,970.75,19.949999809265,57.074999809265,1.3158297935703238
2004-05-04,16:00:00,1.2,959.5,,6.341278497026854,827.5,55.0,971.0,54.0,1564.75,616.5,19.924999713898,55.175000190735,1.2700838409148238
2004-05-04,17:00:00,1.6,1077.25,,10.63924528110766,1001.25,67.0,836.0,59.0,1764.0,717.25,19.525000095367,55.700000762939,1.2511514248390805
2004-05-04,18:00:00,3.9,1377.0,,20.58079447046756,1312.5,191.0,611.5,109.0,2119.5,1219.5,18.349999904633,62.824999809265,1.3127343148677677
2004-05-04,19:00:00,4.7,1404.5,,22.064807192222005,1352.75,227.0,602.25,125.0,2185.0,1296.25,17.200000286102,68.299999237061,1.3288523623140147
2004-05-04,20:00:00,5.4,1484.0,,20.81746308831208,1319.0,264.0,590.75,132.0,2165.5,1413.25,16.099999904633,75.175001144409,1.3653933324069483
2004-05-04,21:00:00,3.0,1186.5,,11.774165410493623,1041.75,196.0,765.5,110.0,1839.5,1092.5,16.574999570847,70.824998855591,1.3252502068530976
2004-05-04,22:00:00,0.9,869.5,,4.340616682903839,729.25,43.0,1096.0,53.0,1475.0,585.5,18.499999523163,56.0,1.1810173761180707
2004-05-04,23:00:00,1.1,931.5,,5.026220202644115,764.75,58.0,1054.25,61.0,1542.75,574.75,17.324999332428,59.5,1.1666837831085262
2004-05-05,00:00:00,0.7,830.25,,2.328646677612899,607.75,33.0,1281.5,41.0,1369.75,441.0,18.625,52.324998855591,1.1120584448897166
2004-05-05,01:00:00,0.5,778.0,,1.3756440392284806,534.0,14.0,1479.5,22.0,1294.25,358.25,19.0,49.800001144409,1.0831306950849509
2004-05-05,02:00:00,0.5,820.0,,1.4529578265783594,540.66666666667,18.0,1449.6666666667,28.0,1360.0,377.0,15.666666348775,64.500001271566,1.1400237767343326
2004-05-05,03:00:00,0.5,841.5,,1.7534594790397697,565.25,,1326.75,,1398.75,436.5,15.475000143051,66.949998855591,1.1691247997379404
2004-05-05,04:00:00,,866.5,,2.0595230364437205,588.5,28.0,1266.75,41.0,1439.0,468.25,14.675000190735,74.099998474121,1.2301709527726632
2004-05-05,05:00:00,0.8,926.5,,3.486948129647091,681.5,56.0,1109.0,54.0,1526.25,579.5,14.575000047684,77.14999961853,1.2727093142218535
2004-05-05,06:00:00,1.3,1059.75,,6.855573841730506,850.5,108.0,911.5,81.0,1673.25,804.5,14.5,78.27499961853,1.2851376043782847
2004-05-05,07:00:00,3.5,1439.75,,19.10585555653207,1271.25,251.0,630.0,107.0,2163.0,1272.5,15.050000190735,76.825000762939,1.3060512016813248
2004-05-05,08:00:00,,1448.75,,21.952680637394874,1349.75,,570.5,,2264.0,1452.0,16.375000476837,70.824998855591,1.3087603802845653
2004-05-05,09:00:00,3.9,1384.25,,18.886468433195493,1265.0,255.0,619.75,124.0,2143.25,1307.25,16.375000476837,72.39999961853,1.3378644908494723
2004-05-05,10:00:00,2.9,1172.25,,13.024928299631267,1084.5,214.0,737.25,123.0,1875.75,1102.0,16.349999427795,68.60000038147,1.2656610156318073
2004-05-05,11:00:00,2.6,1142.75,,12.98013285612212,1083.0,190.0,735.0,120.0,1886.5,1082.5,17.199999809265,62.85000038147,1.2228165436387068
2004-05-05,12:00:00,3.0,1167.0,,14.547714339820427,1134.25,182.0,709.0,113.0,1920.25,1082.75,17.425000190735,61.125,1.2060273193244098
2004-05-05,13:00:00,3.7,1302.75,,19.69021852480539,1287.75,202.0,618.0,114.0,2115.5,1235.75,16.824999809265,66.774997711182,1.2691467635745926
2004-05-05,14:00:00,3.9,1263.5,,19.379394296492997,1279.0,224.0,630.5,120.0,2049.0,1222.75,17.299999713898,62.625,1.2260498826202422
2004-05-05,15:00:00,3.5,1241.5,,16.44582406398566,1193.25,221.0,683.75,125.0,1944.5,1174.75,17.474999904633,60.77499961853,1.2028557827076267
2004-05-05,16:00:00,2.4,1069.5,,11.221602522216635,1022.25,126.0,823.5,88.0,1740.0,933.25,17.5,59.150000572205,1.172514823347248
2004-05-05,17:00:00,1.6,980.75,,9.996638353840906,977.5,79.0,857.25,72.0,1681.75,834.75,17.674999713898,56.85000038147,1.139241340129519
2004-05-05,18:00:00,3.0,1198.0,,14.59473877353001,1135.75,137.0,716.75,103.0,1870.25,1291.25,17.074999809265,61.5,1.1872660145458567
2004-05-05,19:00:00,1.6,999.75,,8.468605670477224,918.25,68.0,881.25,67.0,1660.5,802.25,17.5,63.900001525879,1.266672836453227
2004-05-05,20:00:00,2.1,1109.5,,9.2417017512885,948.75,96.0,849.5,79.0,1733.0,841.5,15.899999856949,70.650001525879,1.2671874201276239
2004-05-05,21:00:00,1.8,1023.25,,6.935331178319356,854.0,111.0,917.75,89.0,1637.25,743.75,15.099999904633,75.050001144409,1.2799146558012278
2004-05-05,22:00:00,1.1,860.75,,3.7202080037691574,695.0,56.0,1130.0,67.0,1438.0,499.5,13.949999809265,72.549999237061,1.150204052804766
2004-05-05,23:00:00,1.5,968.75,,4.927070715920718,759.75,81.0,1059.0,83.0,1518.25,559.75,12.02499961853,79.75,1.1174929506511306
2004-05-06,00:00:00,1.4,897.75,,4.558016073200626,740.75,79.0,1085.0,76.0,1467.5,588.5,12.474999904633,75.825000762939,1.0937715789447922
2004-05-06,01:00:00,0.9,834.75,,3.3643452265751663,674.25,46.0,1201.0,58.0,1416.0,487.5,11.999999761581,75.049999237061,1.0499379275353058
2004-05-06,02:00:00,0.5,765.75,,1.246539295843928,522.5,19.0,1533.5,30.0,1310.0,387.0,12.600000143051,72.224998474121,1.0502549588262435
2004-05-06,03:00:00,0.4,742.5,,1.030001273285544,502.0,,1634.5,,1291.5,354.5,12.700000047684,71.64999961853,1.0486138123414475
2004-05-06,04:00:00,,758.25,,1.1867198553749903,517.0,15.0,1625.0,22.0,1294.0,350.75,13.100000143051,67.125,1.0079358747661407
2004-05-06,05:00:00,0.6,804.0,,2.2751172648303335,604.0,48.0,1365.75,50.0,1357.25,419.5,13.224999904633,64.574999809265,0.977441449593895
2004-05-06,06:00:00,1.3,948.0,,6.117608927663041,817.25,128.0,1048.25,92.0,1545.5,695.0,13.050000190735,65.574999809265,0.9815105144409265
2004-05-06,07:00:00,2.9,1204.0,,16.818967406464125,1204.5,193.0,728.5,101.0,1983.5,1138.75,14.650000095367,58.450000762939,0.968820844865274
2004-05-06,08:00:00,3.6,1230.75,,20.282070405442376,1304.25,203.0,652.25,121.0,2029.0,1314.75,15.900000095367,53.125,0.9528567763503439
2004-05-06,09:00:00,3.4,1175.75,,16.363388395708625,1190.75,220.0,704.5,130.0,1836.25,1216.5,17.924999713898,46.125,0.9387653489310995
2004-05-06,10:00:00,2.5,1042.5,,12.484395362586618,1066.25,161.0,788.75,114.0,1691.75,1014.25,20.224999904633,37.675000190735,0.8832849106035094
2004-05-06,11:00:00,2.1,992.25,,9.797264454790868,970.0,135.0,869.25,100.0,1624.0,883.75,18.5,42.799999237061,0.9026347193727094
2004-05-06,12:00:00,1.1,884.5,,5.176520430800061,772.25,57.0,1035.25,56.0,1450.0,523.5,13.0,64.25,0.9585998375249628
2004-05-06,13:00:00,1.8,990.75,,8.934099266185445,936.75,91.0,874.25,75.0,1580.5,644.0,15.124999523163,54.5,0.9309212958657492
2004-05-06,14:00:00,3.0,1181.5,,14.06559020792421,1118.75,219.0,732.75,121.0,1831.25,1032.25,13.649999856949,65.474999427795,1.0183650145322056
2004-05-06,15:00:00,3.1,1190.75,,12.720138818767603,1074.25,239.0,740.75,128.0,1816.0,1037.75,12.274999856949,78.324998855591,1.1153713090992483
2004-05-06,16:00:00,3.6,1271.5,,14.602582468637797,1136.0,209.0,729.5,139.0,1868.5,1076.5,12.700000047684,74.225002288818,1.0862995538802624
2004-05-06,17:00:00,3.3,1137.75,,12.389162076428056,1063.0,169.0,803.75,122.0,1727.5,982.5,14.425000190735,64.200001716614,1.0490442035140677
2004-05-06,18:00:00,1.8,1008.25,,9.364685579922574,953.5,92.0,891.75,92.0,1625.5,833.75,15.600000143051,58.325000762939,1.02656340090412
2004-05-06,19:00:00,2.1,1074.75,,11.005145178646261,1014.5,107.0,823.75,97.0,1721.75,949.0,14.975000143051,61.374999046326,1.0384586374436333
2004-05-06,20:00:00,2.2,1033.75,,8.876918559397476,934.5,122.0,869.5,98.0,1605.25,941.25,13.674999952316,65.824998855591,1.0254440141878056
2004-05-06,21:00:00,1.6,933.75,,6.629867075396747,840.5,100.0,972.75,93.0,1497.0,756.0,12.25,66.399998664856,0.9440330574892553
2004-05-06,22:00:00,0.9,883.25,,3.8971281280841183,705.0,51.0,1133.0,65.0,1421.5,654.5,15.400000333786,58.77499961853,1.0215251917475965
2004-05-06,23:00:00,1.8,1021.25,,7.322455859811446,870.75,93.0,938.0,81.0,1586.0,804.5,14.125,64.899997711182,1.040450363504737
2004-05-07,00:00:00,2.3,1058.75,,8.190742427541943,907.0,145.0,878.5,102.0,1579.0,969.5,13.800000190735,64.749999046326,1.0167745651747286
2004-05-07,01:00:00,2.0,1023.25,,7.480989319917876,877.5,106.0,895.75,91.0,1567.75,969.0,13.474999904633,67.75,1.042034299231812
2004-05-07,02:00:00,0.9,855.25,,3.2808838245676193,669.25,46.0,1160.0,56.0,1427.0,670.75,13.650000095367,69.39999961853,1.0794124981060171
2004-05-07,03:00:00,0.6,825.5,,2.4409510265512,615.5,,1227.25,,1383.5,575.0,13.925000190735,67.675000190735,1.0712083803887094
2004-05-07,04:00:00,,831.0,,2.246785504993861,602.0,32.0,1269.0,41.0,1385.75,535.25,14.0,67.825000762939,1.0787244543290306
2004-05-07,05:00:00,0.7,817.0,,2.795163092071645,639.0,51.0,1259.5,48.0,1363.75,488.75,14.575000047684,61.074999809265,1.007527174435397
2004-05-07,06:00:00,1.5,972.0,,7.528239978446694,879.5,89.0,963.5,72.0,1589.5,688.75,14.349999904633,60.549999237061,0.9847001167908843
2004-05-07,07:00:00,3.7,1199.75,,19.779412483740774,1290.25,214.0,656.75,106.0,2013.75,1196.0,14.900000095367,56.89999961853,0.9581841210979968
2004-05-07,08:00:00,4.2,1233.75,,22.13969348822825,1354.75,196.0,620.75,107.0,2095.0,1265.5,16.400000095367,50.175000190735,0.9286264880903082
2004-05-07,09:00:00,3.4,1164.0,,14.97326027475355,1147.75,224.0,741.0,127.0,1824.25,1129.5,16.049999713898,50.875,0.9211397953769992
2004-05-07,10:00:00,2.4,975.75,,9.332254224116117,952.25,174.0,877.75,114.0,1582.0,833.5,18.625,42.775000572205,0.9090931993666025
2004-05-07,11:00:00,1.3,843.5,,6.286409362355982,825.0,90.0,1026.5,101.0,1405.0,536.25,19.700000286102,33.675000190735,0.7645727982762358
2004-05-07,12:00:00,1.5,850.5,,8.153992895574259,905.5,89.0,988.5,95.0,1417.75,544.75,21.150000095367,27.675000190735,0.6863863184092346
2004-05-07,13:00:00,2.2,926.0,,10.873367154415865,1009.75,132.0,904.25,110.0,1525.75,720.25,19.650000572205,28.47500038147,0.6445329219384615
2004-05-07,14:00:00,1.8,890.25,,9.273998705674401,950.0,114.0,940.25,101.0,1459.75,655.25,19.775000095367,29.72500038147,0.6779958927508151
2004-05-07,15:00:00,1.9,920.75,,8.356986220752834,913.75,107.0,936.75,106.0,1480.75,613.75,19.22500038147,35.625,0.7856224936045648
2004-05-07,16:00:00,2.3,1052.25,,9.436203325826618,956.25,140.0,868.5,116.0,1600.0,725.25,14.225000143051,60.52499961853,0.9765041485220546
2004-05-07,17:00:00,3.6,1246.6666666667,,17.939742878171298,1237.6666666667,187.0,691.33333333333,124.0,1947.6666666667,1036.0,12.899999936422,69.133331298828,1.0248619578659992
2004-05-07,18:00:00,4.3,1205.0,,17.414946178036452,1222.25,222.0,683.5,133.0,1911.0,1127.25,12.675000190735,70.449998855591,1.0293960868180305
2004-05-07,19:00:00,2.2,1016.25,,10.461678833610193,994.75,117.0,857.25,96.0,1641.5,853.75,13.900000095367,62.675001144409,0.9904855119983395
2004-05-07,20:00:00,1.5,983.5,,7.522326710746406,879.25,89.0,939.5,85.0,1527.25,792.25,13.900000333786,62.949998855591,0.9948314584079991
2004-05-07,21:00:00,2.0,1041.0,,7.977364527024395,898.25,130.0,921.75,97.0,1594.5,890.5,13.424999952316,65.200000762939,0.9996132673698067
2004-05-07,22:00:00,2.0,1027.0,,7.712532646275954,887.25,133.0,926.5,97.0,1568.25,875.75,13.350000143051,64.649998664856,0.9864374901838869
2004-05-07,23:00:00,2.1,1025.25,,7.287422947152213,869.25,144.0,954.25,101.0,1530.75,851.0,13.299999713898,63.625000953674,0.9676968371103618
2004-05-08,00:00:00,1.5,983.75,,6.37429750967153,829.0,99.0,1003.25,85.0,1515.75,786.5,13.349999904633,61.824998855591,0.943333287408385
2004-05-08,01:00:00,2.2,969.25,,5.5604956576171745,791.0,102.0,1084.25,80.0,1445.5,711.0,13.625,59.699999809265,0.9270625907104935
2004-05-08,02:00:00,0.5,757.75,,1.5101335776236327,545.5,27.0,1482.5,33.0,1252.0,396.0,14.600000143051,53.300001144409,0.8806618585568551
2004-05-08,03:00:00,,766.75,,1.5310667470351977,547.25,,1481.75,,1239.0,374.75,14.349999904633,51.72500038147,0.8411827342429918
2004-05-08,04:00:00,,771.75,,1.200204987024979,518.25,,1543.5,,1202.25,343.25,10.875,67.549998283386,0.8785322364939623
2004-05-08,05:00:00,,831.25,,1.6437465794172563,556.5,,1480.25,,1257.0,400.5,7.4000000953674,85.150001525879,0.8807524564923557
2004-05-08,06:00:00,,871.0,,2.6268159217883977,628.0,,1242.5,,1328.75,518.25,8.6999999284744,81.5,0.9190165623355291
2004-05-08,07:00:00,,994.5,,5.918707400673933,808.0,,1027.5,,1479.25,685.25,10.274999856949,75.625,0.9457983334639932
2004-05-08,08:00:00,,1093.0,,8.468605670477224,918.25,,857.25,,1588.5,939.0,10.974999904633,75.02499961853,0.9821200443392999
2004-05-08,09:00:00,,1078.75,,7.652875824367053,884.75,,883.75,,1588.25,973.75,13.574999809265,66.125001907349,1.0235606153804515
2004-05-08,10:00:00,,1083.75,,6.878321514411395,851.5,,910.0,,1574.5,959.0,14.700000047684,63.075000762939,1.0488001073939137
2004-05-08,11:00:00,,1203.75,,10.123793161712667,982.25,,791.0,,1739.25,1067.25,13.800000190735,72.349998474121,1.1361179818131713
2004-05-08,12:00:00,,1212.75,,11.088721871777622,1017.5,,760.25,,1777.75,1060.75,13.325000286102,76.825000762939,1.1703315914271997
2004-05-08,13:00:00,,1123.5,,9.2417017512885,948.75,,827.25,,1671.0,1008.0,16.150000095367,60.025000572205,1.0936522407914369
2004-05-08,14:00:00,,945.0,,4.28000015894725,726.0,,1053.0,,1432.25,637.0,16.274999856949,55.25,1.014574927883745
2004-05-08,15:00:00,,964.0,,6.468248061517456,833.25,,1002.5,,1489.25,647.0,20.0,40.449999809265,0.9354045549831587
2004-05-08,16:00:00,,903.25,,5.446649916651041,785.5,,1073.0,,1374.5,523.0,19.825000286102,35.39999961853,0.8099108142566411
2004-05-08,17:00:00,,918.25,,7.1480083355179955,863.25,,992.0,,1408.0,538.75,19.800000190735,33.574999809265,0.7669828320332698
2004-05-08,18:00:00,,1027.5,,9.547186668169587,960.5,,913.0,,1501.75,648.5,17.775000095367,38.499999046326,0.776321378388301
2004-05-08,19:00:00,,1174.75,,16.96086061172638,1208.75,,719.5,,1828.75,1070.5,16.675000190735,44.575000762939,0.8393029466845635
2004-05-08,20:00:00,,1215.25,,15.387978763390306,1160.75,,713.5,,1801.5,1237.0,15.075000047684,51.77499961853,0.8815848805199851
2004-05-08,21:00:00,,1072.0,,9.949964658366447,975.75,,835.25,,1602.75,1017.5,14.149999856949,56.22500038147,0.902811287825286
2004-05-08,22:00:00,,1070.0,,9.325773709573658,952.0,,857.5,,1572.5,966.25,13.799999952316,58.25,0.9147045311684796
2004-05-08,23:00:00,,1020.75,,6.918207216219388,853.25,,979.0,,1456.75,900.5,13.650000095367,59.700000762939,0.928543621248799
2004-05-09,00:00:00,,1063.0,,7.0557037905723865,859.25,,951.75,,1518.5,949.0,13.700000047684,60.275000572205,0.9404838080706859
2004-05-09,01:00:00,,1068.0,,8.953194276149835,937.5,,861.5,,1574.75,1057.0,12.724999904633,64.850001335144,0.9506203514601191
2004-05-09,02:00:00,,992.5,,8.326092924802344,912.5,,879.25,,1601.25,989.25,12.625000238419,65.424999237061,0.9529040171686457
2004-05-09,03:00:00,,1034.25,,8.718905392023482,928.25,,847.75,,1618.5,1004.75,12.075000047684,68.575000762939,0.9640108221841559
2004-05-09,04:00:00,,1024.75,,8.369357194834848,914.25,,855.75,,1605.0,1003.0,12.324999809265,68.049999237061,0.9721800726508601
2004-05-09,05:00:00,,1036.25,,8.074610745890912,902.25,,824.75,,1558.25,1086.5,11.924999952316,71.10000038147,0.9898702800629839
2004-05-09,06:00:00,,924.25,,5.216918999884966,774.25,,987.25,,1460.25,909.0,11.274999856949,73.774997711182,0.9847692836130754
2004-05-09,07:00:00,,921.5,,4.491371794288761,737.25,,1050.25,,1413.75,881.5,13.125,62.625,0.9418725292926997
2004-05-09,08:00:00,,830.25,,2.577932199377853,624.75,,1265.75,,1303.25,568.0,16.799999713898,46.800000190735,0.8881077882198353
2004-05-09,09:00:00,,946.75,,4.765319158079068,751.5,,1067.75,,1434.25,620.25,17.89999961853,44.800000190735,0.9103861984462873
2004-05-09,10:00:00,,976.75,,4.481885361504611,736.75,,1025.0,,1449.75,685.5,17.775000095367,49.52499961853,0.9986316083352281
2004-05-09,11:00:00,,1024.5,,4.946833219965415,760.75,,1008.0,,1476.0,700.25,18.799999713898,46.39999961853,0.9968313520182551
2004-05-09,12:00:00,,1039.5,,5.8335653079243945,804.0,,939.5,,1501.5,779.75,19.349999904633,44.02499961853,0.9783447020873091
2004-05-09,13:00:00,,1012.5,,4.1369226386396285,718.25,,1040.5,,1491.5,558.0,14.749999761581,68.375,1.1405355290326422
2004-05-09,14:00:00,,1035.0,,4.823871521429194,754.5,,996.75,,1520.5,608.0,15.599999904633,65.775000572205,1.1576889221545867
2004-05-09,15:00:00,,1086.25,,7.044201699807389,858.75,,891.75,,1595.0,754.25,17.674999713898,54.02499961853,1.0826299481604227
2004-05-09,16:00:00,,967.0,,4.789678926627398,752.75,,1047.75,,1420.0,543.5,17.849999904633,46.72500038147,0.9465653091899736
2004-05-09,17:00:00,,968.0,,5.431203339043807,784.75,,1010.5,,1445.5,550.0,17.799999713898,44.400000572205,0.8966798101303016
2004-05-09,18:00:00,,1003.5,,6.31930644980548,826.5,,971.5,,1465.0,626.5,17.75,44.349998474121,0.8928956752936137
2004-05-09,19:00:00,,1131.75,,10.096966798243285,981.25,,850.25,,1613.5,876.75,16.424999713898,47.75,0.8851300074124296
2004-05-09,20:00:00,,1121.0,,10.197722066388899,985.0,,833.25,,1625.0,981.25,15.575000047684,51.575000762939,0.9063300012281927
2004-05-09,21:00:00,,1067.5,,8.437536944416262,917.0,,889.25,,1569.5,832.25,14.850000143051,54.97500038147,0.92284200390251
2004-05-09,22:00:00,,1123.0,,8.940462338273536,937.0,,866.25,,1606.0,940.5,13.824999809265,59.75,0.9397562125937573
2004-05-09,23:00:00,,1101.0,,8.845219157196645,933.25,,844.5,,1600.25,1021.75,13.75,62.099998474121,0.9720561030003246
2004-05-10,00:00:00,,996.75,,6.495992043448455,834.5,,950.5,,1500.75,887.5,13.900000095367,61.099999427795,0.9655949439378095
2004-05-10,01:00:00,,875.0,,3.0278593859425342,653.75,,1171.5,,1375.25,682.75,14.875,57.599999427795,0.9684382734931641
2004-05-10,02:00:00,,815.25,,1.7949775333901974,568.5,,1360.75,,1343.5,533.75,14.375,60.14999961853,0.9797499051480258
2004-05-10,03:00:00,,802.75,,1.3442784224941926,531.25,,1462.0,,1317.5,488.75,13.849999904633,63.174999237061,0.9952102084306348
2004-05-10,04:00:00,,828.5,,1.8175047732365581,570.25,,1304.25,,1356.5,561.75,14.199999809265,62.925000190735,1.0136126963706715
2004-05-10,05:00:00,,867.0,,2.577932199377853,624.75,,1212.5,,1385.0,652.25,14.025000095367,63.824998855591,1.01672375247559
2004-05-10,06:00:00,,1118.0,,9.790648164067562,969.75,,837.25,,1705.0,1018.75,13.350000143051,67.449998855591,1.0291602313703379
2004-05-10,07:00:00,,1631.5,,31.54724525528682,1586.75,,522.5,,2458.5,1677.5,14.700000047684,62.25,1.035082138653454
2004-05-10,08:00:00,,1597.6666666667,,35.18728598338546,1668.3333333333,,490.33333333333,,2617.0,1749.3333333333,16.000000635783,57.300000508626,1.0342180094430165
2004-05-10,09:00:00,4.4,1377.75,,20.218944199503536,1302.5,257.0,633.25,117.0,2050.5,1494.25,17.849999904633,51.149998664856,1.0362078952591534
2004-05-10,10:00:00,2.5,1131.5,,13.362988476365068,1095.75,178.0,731.25,107.0,1807.5,1186.25,19.97500038147,44.950000762939,1.0378800150084935
2004-05-10,11:00:00,2.1,1108.25,,11.724114404886208,1040.0,145.0,767.0,95.0,1748.0,1051.0,20.299999713898,44.125,1.0392477476076492
2004-05-10,12:00:00,2.4,1131.0,,13.385657033345838,1096.5,137.0,735.25,93.0,1797.25,1026.75,20.72500038147,42.400000572205,1.0248015981662313
2004-05-10,13:00:00,2.2,1105.0,,12.898178824864663,1080.25,139.0,750.75,104.0,1758.25,981.0,20.849999904633,40.60000038147,0.9887796426424591
2004-05-10,14:00:00,2.2,1120.0,,13.355435931012263,1095.5,130.0,753.25,102.0,1767.25,975.5,21.474999904633,39.699999809265,1.004198952667609
2004-05-10,15:00:00,2.3,1100.25,,13.73529005407188,1108.0,148.0,799.75,109.0,1731.0,931.75,24.97500038147,30.125,0.9393620109040333
2004-05-10,16:00:00,2.1,1098.0,,14.220357031168104,1123.75,120.0,810.0,97.0,1715.75,871.25,25.174999713898,29.700000286102,0.9371106799689911
2004-05-10,17:00:00,2.5,1136.5,,17.805786960484756,1233.75,132.0,749.0,104.0,1824.25,989.75,23.449999809265,31.950000286102,0.9100061437898493
2004-05-10,18:00:00,3.6,1266.75,,22.046102522130635,1352.25,188.0,650.75,124.0,1960.5,1196.25,21.025000572205,37.775000572205,0.9298066467117365
2004-05-10,19:00:00,4.0,1318.75,,24.37774068147215,1413.25,204.0,596.75,135.0,2050.0,1329.0,19.224999904633,45.724999427795,1.0083533198105845
2004-05-10,20:00:00,3.0,1160.25,,16.314011789468903,1189.25,167.0,698.25,122.0,1824.25,1150.5,17.724999427795,50.89999961853,1.023177646921747
2004-05-10,21:00:00,2.1,1083.5,,12.389162076428056,1063.0,128.0,775.25,109.0,1702.5,1031.0,16.800000190735,53.574998855591,1.016674678649525
2004-05-10,22:00:00,1.7,1024.5,,9.606166402460243,962.75,106.0,841.75,95.0,1620.75,917.25,15.825000286102,56.199999809265,1.0032685173176619
2004-05-10,23:00:00,1.1,953.25,,6.396350788469592,830.0,88.0,985.75,86.0,1520.5,860.0,15.950000047684,56.499999046326,1.0165804300833525
2004-05-11,00:00:00,0.9,959.25,,5.999005297727464,811.75,77.0,961.0,78.0,1518.0,910.0,14.225000143051,64.125,1.0345861861815835
2004-05-11,01:00:00,0.4,833.5,,2.7680827057444795,637.25,36.0,1187.0,53.0,1362.0,698.5,15.025000095367,59.750000953674,1.0141659415486195
2004-05-11,02:00:00,0.2,786.75,,1.5521226505649446,549.0,28.0,1365.75,43.0,1317.25,596.25,14.299999952316,61.874999046326,1.0030560265929696
2004-05-11,03:00:00,0.2,799.0,,1.6252427273055872,555.0,,1326.5,,1319.5,642.75,12.75,65.999999046326,0.96903322752814
2004-05-11,04:00:00,,807.25,,1.8304312258349797,571.25,46.0,1305.25,53.0,1334.75,704.25,11.400000095367,70.474998474121,0.948381116835673
2004-05-11,05:00:00,0.6,866.25,,3.5682865172598426,686.25,55.0,1134.75,48.0,1404.5,740.75,12.049999952316,68.02499961853,0.9547368980670078
2004-05-11,06:00:00,1.4,1034.5,,8.431329041899918,916.75,135.0,881.5,64.0,1606.0,967.5,11.349999904633,70.39999961853,0.9443040128309516
2004-05-11,07:00:00,4.6,1469.25,,27.493226324679092,1491.0,327.0,555.0,95.0,2301.0,1560.75,12.724999904633,65.625,0.9619808678517707
2004-05-11,08:00:00,5.5,1553.25,,31.01536196523493,1574.5,383.0,507.5,120.0,2422.75,1779.0,14.450000047684,59.849999427795,0.9795176965227176
2004-05-11,09:00:00,4.8,1513.0,,26.030838376143286,1455.0,366.0,554.0,153.0,2182.0,1821.75,17.525000095367,49.750000953674,0.9877147950618157
2004-05-11,10:00:00,4.5,1395.25,,22.63854414979002,1368.0,322.0,605.0,163.0,2032.25,1675.0,21.875,35.22500038147,0.9127994280909932
2004-05-11,11:00:00,3.0,1208.75,,18.295210456775816,1248.0,188.0,711.75,119.0,1891.0,1295.25,23.499999523163,29.525000095367,0.8434500389637044
2004-05-11,12:00:00,2.5,1141.5,,13.949989249812695,1115.0,144.0,775.75,96.0,1734.75,1090.75,24.325000286102,29.75,0.8926425499465178
2004-05-11,13:00:00,2.3,1139.75,,14.375845316221508,1128.75,132.0,765.25,94.0,1727.5,1023.25,23.800000190735,31.675000667572,0.9211979461651456
2004-05-11,14:00:00,2.0,1105.25,,11.567403475017645,1034.5,117.0,826.0,86.0,1643.0,877.0,24.150000095367,31.174999713898,0.925729908002055
2004-05-11,15:00:00,1.9,1131.0,,12.243256870893827,1058.0,121.0,823.5,91.0,1663.75,930.5,26.525000095367,27.175000190735,0.9282016321481543
2004-05-11,16:00:00,1.9,1161.5,,12.41843151040101,1064.0,124.0,832.0,97.0,1675.25,912.75,25.72500038147,28.374999523163,0.9247797643015823
2004-05-11,17:00:00,3.5,1335.75,,21.073626031400575,1326.0,188.0,673.75,125.0,1922.5,1254.75,26.349999904633,27.525000095367,0.9305793077039731
2004-05-11,18:00:00,4.6,1532.75,,29.93122171832732,1549.25,226.0,573.0,140.0,2233.25,1570.75,24.449999809265,31.574999809265,0.9544520545437408
2004-05-11,19:00:00,6.3,1650.0,,34.30938668943613,1649.0,266.0,528.25,158.0,2344.5,1779.0,23.074999809265,35.349999427795,0.9845298410600173
2004-05-11,20:00:00,5.0,1535.0,,26.14134515478638,1457.75,269.0,568.0,159.0,2120.25,1735.0,21.14999961853,40.200000762939,0.9970272641671369
2004-05-11,21:00:00,3.3,1381.75,,18.10563982891983,1242.5,183.0,631.5,128.0,1941.0,1511.0,19.199999809265,52.300000190735,1.1515788150818387
2004-05-11,22:00:00,2.7,1334.75,,14.166106517351903,1122.0,167.0,673.25,114.0,1839.75,1424.25,18.099999427795,58.675000190735,1.2072067789075338
2004-05-11,23:00:00,2.2,1267.0,,12.425753469349981,1064.25,138.0,706.25,100.0,1765.5,1348.0,17.27499961853,58.800001144409,1.149375173573635
2004-05-12,00:00:00,1.7,1121.5,,8.656039174931239,925.75,105.0,804.75,88.0,1618.75,1173.75,16.924999713898,58.824999809265,1.125048593454258
2004-05-12,01:00:00,0.8,986.25,,5.151339345473077,771.0,54.0,964.25,67.0,1518.0,946.5,17.60000038147,57.574999809265,1.1484083595632593
2004-05-12,02:00:00,0.8,966.0,,4.615472500096256,743.75,58.0,967.0,65.0,1510.5,935.0,15.649999856949,63.925001144409,1.128675818338682
2004-05-12,03:00:00,0.6,918.5,,3.141056393473606,660.75,,1089.25,,1467.75,837.5,14.925000190735,65.650001525879,1.107282834933724
2004-05-12,04:00:00,,872.0,,2.6875170700467517,632.0,37.0,1132.25,47.0,1402.75,768.0,15.624999761581,62.175000190735,1.0960505838805374
2004-05-12,05:00:00,0.8,967.0,,4.711914188280806,748.75,84.0,995.5,57.0,1517.0,880.5,14.024999856949,68.324998855591,1.0884081381163508
2004-05-12,06:00:00,1.5,1151.75,,9.645572227732076,964.25,134.0,799.75,73.0,1705.25,1095.5,14.524999856949,65.699998855591,1.0803909736873565
2004-05-12,07:00:00,4.1,1500.25,,23.602269521503594,1393.25,279.0,559.5,95.0,2163.0,1495.0,15.5,62.175000190735,1.0874529417267884
2004-05-12,08:00:00,5.9,1754.0,,37.380301370110594,1715.75,333.0,451.5,110.0,2666.5,1894.75,17.0,56.775000572205,1.0909348429949175
2004-05-12,09:00:00,5.1,1558.0,,26.575239411521075,1468.5,336.0,524.5,121.0,2281.0,1758.25,18.825000286102,52.449999809265,1.1285429520950387
2004-05-12,10:00:00,3.9,1446.0,,21.952680637394874,1349.75,280.0,567.75,108.0,2140.0,1630.25,19.724999904633,51.874999046326,1.1795981844613084
2004-05-12,11:00:00,3.4,1349.0,,17.865586704833834,1235.5,275.0,627.25,125.0,1963.75,1530.25,20.875,44.574999809265,1.0872374577570219
2004-05-12,12:00:00,3.3,1452.0,,22.73319791536591,1370.5,207.0,576.0,117.0,2138.25,1622.25,21.949999809265,43.275000572205,1.1264867571768813
2004-05-12,13:00:00,5.1,1675.5,,29.273871694313044,1533.75,305.0,495.5,131.0,2412.5,1827.5,20.400000572205,55.724999427795,1.3204805118379561
2004-05-12,14:00:00,3.1,1327.25,,14.681118210237681,1138.5,236.0,657.5,126.0,1893.75,1322.75,17.449999809265,67.049999237061,1.324988971666772
2004-05-12,15:00:00,2.5,1247.75,,12.638889972455347,1071.5,183.0,712.75,114.0,1797.0,1187.5,17.14999961853,64.0,1.2413181327716252
2004-05-12,16:00:00,2.4,1249.5,,12.712743389237184,1074.0,162.0,724.25,123.0,1806.25,1166.25,17.299999713898,61.074999809265,1.195704532489911
2004-05-12,17:00:00,2.8,1221.75,,13.009989174919578,1084.0,157.0,726.75,116.0,1797.25,1108.0,17.699999809265,56.300000190735,1.1299721117940855
2004-05-12,18:00:00,2.9,1159.0,,13.400778503920026,1097.0,136.0,747.5,107.0,1709.25,995.0,17.375,48.60000038147,0.955924838352882
2004-05-12,19:00:00,3.4,1191.5,,14.815040893310265,1142.75,166.0,740.25,123.0,1766.75,1107.75,17.574999809265,43.675000190735,0.8698027451846554
2004-05-12,20:00:00,2.2,1074.25,,9.377671550694837,954.0,136.0,846.0,112.0,1569.5,956.25,16.72500038147,47.22500038147,0.8919832403035431
2004-05-12,21:00:00,1.6,984.0,,6.866943662337093,851.0,112.0,959.25,101.0,1452.0,817.0,16.75,45.64999961853,0.8635827957607698
2004-05-12,22:00:00,1.3,970.25,,5.196702979071655,773.25,87.0,1025.75,91.0,1425.25,657.75,16.124999761581,52.0,0.9459520013042345
2004-05-12,23:00:00,1.3,987.33333333333,,5.741922235401254,799.66666666667,86.0,988.66666666667,88.0,1462.0,658.0,15.466666857402,57.066665649414,0.9960121689288274
2004-05-13,00:00:00,1.6,1003.0,,6.534918634306473,836.25,98.0,948.5,96.0,1455.25,747.5,16.174999713898,50.175000190735,0.9156207734160496
2004-05-13,01:00:00,1.2,933.0,,4.682892421913301,747.25,62.0,1045.0,75.0,1405.0,568.5,16.449999809265,50.52499961853,0.9380368653581863
2004-05-13,02:00:00,0.6,859.0,,2.5108944701230476,620.25,32.0,1200.5,47.0,1315.5,445.0,16.174999952316,52.75,0.9626107889686762
2004-05-13,03:00:00,0.4,814.5,,1.4218161094645745,538.0,,1412.25,,1272.25,379.25,16.049999952316,53.699999809265,0.9722890924136571
2004-05-13,04:00:00,,792.0,,1.0224145989759525,501.25,21.0,1553.75,25.0,1252.0,353.75,16.174999952316,53.0,0.967172925409286
2004-05-13,05:00:00,0.4,835.0,,1.6841441819825635,559.75,41.0,1409.0,49.0,1317.0,406.5,16.174999952316,53.699999809265,0.9799469039623572
2004-05-13,06:00:00,1.0,974.5,,4.462938156393024,735.75,86.0,1069.25,85.0,1459.0,611.25,15.89999961853,55.250000953674,0.9909710348090544
2004-05-13,07:00:00,2.0,1132.5,,9.44271643902197,956.5,174.0,815.25,106.0,1651.75,943.75,16.174999952316,55.624999046326,1.015075340632526
2004-05-13,08:00:00,3.6,1347.25,,17.899796358357186,1236.5,264.0,645.25,136.0,1984.25,1328.25,16.025000095367,59.25,1.0710942999882282
2004-05-13,09:00:00,2.4,1121.75,,10.59815534829328,999.75,211.0,782.5,119.0,1663.25,1084.5,16.60000038147,55.60000038147,1.041994229214685
2004-05-13,10:00:00,2.4,1151.75,,10.991241944664454,1014.0,208.0,773.75,122.0,1714.25,1139.25,17.424999713898,51.799999237061,1.0220402841411522
2004-05-13,11:00:00,1.6,1020.25,,7.217572131689938,866.25,139.0,906.5,90.0,1553.5,798.5,17.64999961853,49.699999809265,0.9944145508469541
2004-05-13,12:00:00,1.9,1065.5,,8.69373563216166,927.25,138.0,846.25,97.0,1608.25,804.0,17.150000095367,52.77499961853,1.0236025926569043
2004-05-13,13:00:00,2.4,1105.0,,11.053865490184924,1016.25,142.0,789.25,98.0,1735.5,930.25,18.199999809265,49.599999427795,1.026828553038705
2004-05-13,14:00:00,1.7,1056.0,,7.874591345354043,894.0,131.0,891.0,93.0,1575.5,770.5,19.525000572205,45.025000572205,1.01136614891326
2004-05-13,15:00:00,2.1,1083.75,,9.790648164067562,969.75,132.0,817.75,98.0,1626.0,845.25,19.474999904633,45.5,1.0189071196256156
2004-05-13,16:00:00,3.1,1287.75,,16.37162401440561,1191.0,178.0,691.25,123.0,1910.25,1192.0,19.775000095367,44.300001144409,1.0104362805488505
2004-05-13,17:00:00,4.6,1389.75,,22.64800194906768,1368.25,228.0,605.0,148.0,2091.75,1493.5,20.25,43.074999809265,1.0114285875512807
2004-05-13,18:00:00,4.5,1374.0,,20.24598801498129,1303.25,232.0,635.75,148.0,2035.5,1457.0,20.299999713898,44.400000572205,1.0457246592281557
2004-05-13,19:00:00,3.9,1377.75,,21.654868067759192,1341.75,204.0,611.5,133.0,2075.75,1488.5,19.775000095367,47.875,1.09197823209044
2004-05-13,20:00:00,4.6,1428.25,,21.193012579265407,1329.25,250.0,593.75,141.0,2101.75,1601.5,19.14999961853,52.324999809265,1.1485946115970729
2004-05-13,21:00:00,3.3,1335.5,,15.864361525951503,1175.5,208.0,655.5,131.0,1890.5,1467.75,18.224999904633,54.674999237061,1.1336439827753315
2004-05-13,22:00:00,2.7,1233.5,,11.968070008525883,1048.5,158.0,746.25,121.0,1733.25,1273.5,17.799999713898,54.950000762939,1.1097422435984687
2004-05-13,23:00:00,3.3,1300.0,,17.381134907628116,1221.25,197.0,648.25,123.0,1945.75,1401.0,17.5,56.374999046326,1.1175067017508247
2004-05-14,00:00:00,2.5,1246.25,,15.028806270003846,1149.5,152.0,653.5,107.0,1873.0,1353.5,17.27499961853,57.800000190735,1.1298279584829405
2004-05-14,01:00:00,2.1,1140.5,,11.067802428479904,1016.75,112.0,740.25,104.0,1690.0,1188.25,16.800000190735,57.499999046326,1.0911580830891763
2004-05-14,02:00:00,1.3,1014.25,,6.918207216219388,853.25,75.0,882.5,91.0,1538.0,974.75,16.299999713898,57.0,1.0483524086649807
2004-05-14,03:00:00,1.0,938.25,,5.106145385761624,768.75,,978.0,,1462.75,816.25,16.150000095367,56.324999809265,1.0262384284341717
2004-05-14,04:00:00,,988.25,,6.052793316140268,814.25,74.0,908.25,87.0,1512.0,920.5,15.525000095367,59.924999237061,1.049752651813196
2004-05-14,05:00:00,1.2,983.25,,6.451625978003892,832.5,116.0,894.25,102.0,1523.5,1012.25,15.950000047684,58.250000953674,1.0480674694045364
2004-05-14,06:00:00,1.5,1033.0,,8.437536944416262,917.0,118.0,882.25,95.0,1616.75,905.25,17.174999713898,52.349999427795,1.0169423011930632
2004-05-14,07:00:00,3.7,1387.5,,22.780587924047335,1371.75,272.0,601.0,140.0,2105.25,1448.75,18.474999904633,49.375,1.03969274161802
2004-05-14,08:00:00,,1512.25,,29.11577111117782,1530.0,,526.75,,2325.75,1725.25,19.950000286102,45.64999961853,1.052433316270394
2004-05-14,09:00:00,3.3,1147.75,,13.605630197714015,1103.75,258.0,723.0,138.0,1712.75,1301.0,20.974999904633,37.949999809265,0.9312837191664606
2004-05-14,10:00:00,2.5,1095.25,,11.123625027988625,1018.75,186.0,814.5,113.0,1618.25,1180.75,22.775000095367,32.425000190735,0.8869813909004913
2004-05-14,11:00:00,1.9,986.5,,10.036718472630536,979.0,130.0,922.75,101.0,1514.75,961.75,25.500000476837,25.550000190735,0.8217591315638099
2004-05-14,12:00:00,2.0,984.0,,10.536647597459748,997.5,134.0,905.25,97.0,1523.25,862.25,25.900000095367,23.599999904633,0.7771051283543036
2004-05-14,13:00:00,2.5,1072.0,,13.017457823628156,1084.25,148.0,843.0,114.0,1621.5,1017.0,27.700000286102,20.77499961853,0.7598645905618072
2004-05-14,14:00:00,2.1,1047.5,,12.521106305109699,1067.5,147.0,869.25,110.0,1572.75,993.25,27.074999809265,21.599999904633,0.7618476052954856
2004-05-14,15:00:00,2.1,1041.5,,11.397472532940633,1028.5,123.0,906.75,103.0,1540.25,879.25,28.449999809265,20.150000095367,0.7696988215185301
2004-05-14,16:00:00,2.3,1113.0,,13.06230808366104,1085.75,138.0,881.75,119.0,1584.0,925.5,28.050000190735,21.924999713898,0.8183581479742226
2004-05-14,17:00:00,3.0,1145.5,,14.87033616202426,1144.5,162.0,836.25,126.0,1647.0,1010.5,27.575000286102,22.349999904633,0.8115621719543152
2004-05-14,18:00:00,4.1,1238.75,,19.132254575304646,1272.0,214.0,748.0,144.0,1790.25,1380.25,25.199999809265,24.275000095367,0.767068691772865
2004-05-14,19:00:00,4.5,1302.0,,21.794251774776143,1345.5,230.0,706.25,164.0,1879.5,1698.25,24.575000286102,25.074999809265,0.7636057044382256
2004-05-14,20:00:00,3.5,1181.25,,16.108961166365923,1183.0,191.0,792.25,148.0,1711.25,1432.25,23.074999809265,27.199999809265,0.7575448917261428
2004-05-14,21:00:00,2.1,1067.5,,11.638524261032968,1037.0,128.0,869.25,119.0,1566.75,1217.0,22.049999713898,28.575000286102,0.7483301493636264
2004-05-14,22:00:00,2.3,1135.0,,12.43307726816155,1064.5,138.0,802.5,111.0,1630.0,1317.25,20.800000190735,34.450000762939,0.8364562588994798
2004-05-14,23:00:00,1.9,1121.25,,10.386938409035164,992.0,126.0,844.25,115.0,1504.5,1254.5,20.374999523163,35.300000667572,0.8352084829280702
2004-05-15,00:00:00,1.9,1131.0,,9.652146550765297,964.5,107.0,842.75,103.0,1519.75,1223.25,19.099999427795,38.299999237061,0.8381493457366518
2004-05-15,01:00:00,1.2,947.0,,5.696332871686994,797.5,67.0,964.25,81.0,1395.25,930.0,17.999999523163,40.450000762939,0.827099134282016
2004-05-15,02:00:00,1.0,935.0,,5.446649916651041,785.5,55.0,963.75,71.0,1389.25,953.75,17.424999713898,43.35000038147,0.855317516601385
2004-05-15,03:00:00,1.1,941.0,,5.586509610630202,792.25,,975.25,,1396.75,888.75,14.825000047684,50.64999961853,0.8488952037297601
2004-05-15,04:00:00,,867.25,,4.42043213737691,733.5,48.0,1043.0,58.0,1324.25,808.0,14.599999904633,51.374999046326,0.8488555438631803
2004-05-15,05:00:00,0.5,838.5,,2.7719444496798484,637.5,33.0,1170.75,44.0,1271.25,643.25,15.725000143051,46.949999809265,0.8328837349439855
2004-05-15,06:00:00,0.6,872.5,,3.879278572342914,704.0,41.0,1090.5,49.0,1322.25,756.0,15.25,49.675001144409,0.8552309327104006
2004-05-15,07:00:00,1.4,1064.75,,9.061727424757764,941.75,106.0,889.5,68.0,1575.75,1066.75,16.025000095367,47.375000953674,0.8564235187074616
2004-05-15,08:00:00,2.6,1186.5,,13.598019479083332,1103.5,208.0,726.5,108.0,1720.5,1390.75,17.599999904633,43.349999427795,0.8646721740374075
2004-05-15,09:00:00,2.8,1249.25,,15.815633162146005,1174.0,193.0,711.5,117.0,1773.5,1486.0,20.27499961853,37.449999809265,0.8806919504977534
2004-05-15,10:00:00,2.6,1156.5,,12.661026734455215,1072.25,191.0,802.25,127.0,1652.5,1327.25,23.074999809265,30.25,0.8424901888017715
2004-05-15,11:00:00,1.6,988.25,,8.612148271777437,924.0,113.0,1015.25,93.0,1462.75,835.25,25.025000095367,24.200000286102,0.7568399959400576
2004-05-15,12:00:00,1.7,1024.75,,9.397164889581603,954.75,111.0,997.25,94.0,1456.5,833.75,25.599999904633,23.525000095367,0.7610958500441333
2004-05-15,13:00:00,1.7,996.75,,9.190126573053254,946.75,106.0,997.75,87.0,1459.5,815.0,25.525000095367,22.625,0.7287547451771907
2004-05-15,14:00:00,1.3,916.25,,6.37429750967153,829.0,82.0,1123.5,75.0,1332.75,621.0,26.125000476837,21.050000190735,0.7023496068891353
2004-05-15,15:00:00,1.4,965.0,,8.272660142643476,910.33333333333,79.0,1055.6666666667,81.0,1389.0,643.33333333333,28.166666666667,19.43333307902,0.7302688327374329
2004-05-15,16:00:00,1.4,984.5,,8.080705308155137,902.5,90.0,1059.25,86.0,1436.5,711.5,27.425000190735,20.5,0.7379272919366909
2004-05-15,17:00:00,1.7,1026.0,,8.518416854434964,920.25,104.0,1037.0,97.0,1454.5,745.75,26.049999713898,22.674999713898,0.7532485719455554
2004-05-15,18:00:00,2.3,1125.25,,11.046899828729593,1016.0,148.0,910.25,117.0,1563.5,990.75,23.75,27.099999904633,0.7858003669068816
2004-05-15,19:00:00,2.5,1159.0,,12.112572756087998,1053.5,158.0,877.75,120.0,1603.0,1046.0,23.025000095367,28.724999904633,0.7976268930701971
2004-05-15,20:00:00,3.3,1283.5,,15.012927038467923,1149.0,234.0,779.75,149.0,1725.0,1303.75,21.749999523163,31.849999427795,0.8191380750928569
2004-05-15,21:00:00,2.2,1101.0,,10.231401897511862,986.25,163.0,852.25,124.0,1573.5,1099.5,20.875000476837,33.199999809265,0.8097876520502798
2004-05-15,22:00:00,1.6,1101.0,,9.856896793081914,972.25,95.0,878.5,97.0,1551.75,1001.25,20.150000095367,34.349999427795,0.8016530334986798
2004-05-15,23:00:00,2.6,1182.5,,11.989698276034337,1049.25,146.0,761.75,112.0,1594.25,1290.25,19.574999809265,36.950000762939,0.8325304580845845
2004-05-16,00:00:00,2.3,1132.25,,10.49572725238983,996.0,102.0,822.0,95.0,1563.75,1205.0,18.14999961853,40.89999961853,0.8441039842950748
2004-05-16,01:00:00,1.5,998.25,,7.0557037905723865,859.25,90.0,919.25,88.0,1449.75,1044.75,17.049999952316,43.27499961853,0.8341286285903431
2004-05-16,02:00:00,0.9,910.5,,4.601079630929639,743.0,41.0,1051.75,54.0,1369.75,739.25,16.724999904633,43.375000953674,0.819264635962322
2004-05-16,03:00:00,0.8,874.5,,4.178247547049551,720.5,,1082.75,,1327.5,683.25,15.874999761581,44.72500038147,0.8009336485781651
2004-05-16,04:00:00,,807.75,,2.6495095616042814,629.5,30.0,1233.5,43.0,1256.25,573.0,15.224999904633,45.549999237061,0.7829757586958005
2004-05-16,05:00:00,0.4,792.0,,2.2080767603238565,599.25,32.0,1261.75,45.0,1234.75,564.25,13.474999904633,50.10000038147,0.7705670669965844
2004-05-16,06:00:00,0.4,821.5,,1.9518462020878005,580.5,34.0,1325.75,47.0,1256.25,602.25,14.174999952316,49.89999961853,0.8025253700439882
2004-05-16,07:00:00,0.8,918.25,,4.192061415723198,721.25,57.0,1068.5,58.0,1353.25,784.75,13.775000095367,51.400000572205,0.8058524094910536
2004-05-16,08:00:00,0.9,975.25,,5.201753846972903,773.5,73.0,1000.75,69.0,1393.0,878.0,16.300000190735,45.050000190735,0.828566274068214
2004-05-16,09:00:00,1.6,1046.75,,8.221420840094932,908.25,119.0,912.5,89.0,1458.25,981.25,19.224999427795,35.425000667572,0.7812119503133438
2004-05-16,10:00:00,2.0,1052.5,,9.784033778967517,969.5,138.0,930.0,105.0,1472.5,991.0,25.5,21.050000190735,0.6770265855731094
2004-05-16,11:00:00,1.6,1017.25,,7.941026771297775,896.75,96.0,1013.25,92.0,1399.5,780.25,28.224999904633,19.0,0.7163974794536779
2004-05-16,12:00:00,1.4,1020.75,,7.748421496443901,888.75,80.0,1022.0,82.0,1405.25,683.75,29.474999904633,19.77499961853,0.8012601779838653
2004-05-16,13:00:00,0.9,940.75,,4.794557233587375,753.0,45.0,1173.25,56.0,1311.25,467.5,30.550000190735,19.375000476837,0.834783035281443
2004-05-16,14:00:00,0.9,991.25,,5.25237752206223,776.0,45.0,1121.75,60.0,1375.0,468.0,29.949999809265,22.049999713898,0.9180694772977743
2004-05-16,15:00:00,1.2,1117.0,,7.124884256284368,862.25,54.0,995.0,64.0,1476.0,529.75,31.5,21.925000190735,0.996983142632114
2004-05-16,16:00:00,1.4,1217.0,,9.190126573053254,946.75,66.0,887.0,85.0,1566.25,647.75,31.200000286102,24.574999809265,1.0986589860970684
2004-05-16,17:00:00,1.9,1248.25,,10.117083726005204,982.0,95.0,880.25,107.0,1617.0,745.75,30.425000190735,26.525000095367,1.1347371568243574
2004-05-16,18:00:00,1.8,1241.5,,9.870169369702221,972.75,99.0,856.0,106.0,1631.5,818.5,26.775000095367,33.474999427795,1.1602104683404937
2004-05-16,19:00:00,2.7,1403.25,,15.060586200172954,1150.5,147.0,747.0,125.0,1820.25,1124.75,25.47500038147,37.35000038147,1.1995129628895564
2004-05-16,20:00:00,2.4,1238.0,,10.570799727369263,998.75,129.0,833.25,118.0,1648.25,1013.25,23.674999713898,39.424999237061,1.138082455744138
2004-05-16,21:00:00,1.6,1092.75,,7.0269635668209025,858.0,96.0,975.25,95.0,1494.5,816.0,22.89999961853,37.000000953674,1.0197418279136246
2004-05-16,22:00:00,1.4,1033.75,,5.860115705535284,805.25,92.0,1030.25,97.0,1416.25,750.0,20.75,36.25,0.8774897840472805
2004-05-16,23:00:00,1.4,934.0,,5.633465103186379,794.5,88.0,1097.75,93.0,1327.5,672.5,20.25,28.474999904633,0.6686112376458124
2004-05-17,00:00:00,1.4,912.5,,5.431203339043807,784.75,89.0,1109.75,85.0,1272.75,692.0,19.60000038147,26.474999904633,0.5974299600757516
2004-05-17,01:00:00,0.9,835.25,,3.650423146324865,691.0,52.0,1265.25,67.0,1182.25,517.25,19.099999904633,25.925000190735,0.567337415613184
2004-05-17,02:00:00,0.5,773.25,,1.788563190389188,568.0,25.0,1474.0,37.0,1113.25,392.25,18.424999713898,27.624999523163,0.5799079974719019
2004-05-17,03:00:00,0.4,771.25,,1.3584972854160215,532.5,,1566.0,,1110.25,360.0,17.375,30.224999904633,0.5945026321248407
2004-05-17,04:00:00,,804.75,,1.3785107421694542,534.25,28.0,1453.75,40.0,1112.25,409.0,16.275000572205,34.074999809265,0.62573107736334
2004-05-17,05:00:00,0.5,929.75,,3.5253771645447527,683.75,65.0,1058.5,75.0,1220.25,779.0,15.849999904633,36.549999237061,0.6535080722116539
2004-05-17,06:00:00,1.3,1008.5,,7.038453654816475,858.5,132.0,944.25,102.0,1420.0,1016.0,16.025000095367,38.050000190735,0.6878504357611351
2004-05-17,07:00:00,2.6,1196.0,,14.4304364473042,1130.5,216.0,775.25,113.0,1674.75,1243.25,17.574999809265,34.974999427795,0.6965392188270965
2004-05-17,08:00:00,2.0,1009.5,,8.934099266185445,936.75,180.0,944.75,142.0,1443.5,949.25,18.549999713898,31.249999523163,0.6610870805885066
2004-05-17,09:00:00,1.8,989.75,,8.618412576532277,924.25,140.0,973.75,90.0,1403.5,860.5,19.825000286102,28.500000476837,0.6520468599222042
2004-05-17,10:00:00,1.7,987.75,,8.462388030837701,918.0,141.0,1007.25,94.0,1393.0,850.25,22.299999713898,24.050000190735,0.6393803870261157
2004-05-17,11:00:00,1.5,979.25,,8.270607965023949,910.25,123.0,1028.0,92.0,1395.75,788.0,24.150000095367,21.724999427795,0.6451156986754212
2004-05-17,12:00:00,1.9,1028.5,,10.130504493671385,982.5,129.0,949.5,97.0,1470.25,879.25,25.075000286102,20.775000095367,0.6516465290645359
2004-05-17,13:00:00,1.7,984.0,,9.138674497520402,944.75,115.0,990.0,88.0,1423.0,747.0,25.800000667572,19.52499961853,0.6391574392850805
2004-05-17,14:00:00,1.5,984.75,,8.49349569485124,919.25,104.0,1027.75,86.0,1387.0,699.75,26.250000476837,18.875,0.6344095731363927
2004-05-17,15:00:00,1.7,980.75,,7.682679548673003,886.0,129.0,1054.0,99.0,1362.5,695.0,25.775000095367,18.599999904633,0.6079834130551195
2004-05-17,16:00:00,1.7,1020.0,,9.029748042099776,940.5,138.0,1015.5,95.0,1425.0,756.25,25.675000190735,19.400000095367,0.6304162712341989
